Data Series,2025 Dec ,2025 Nov ,2025 Oct ,2025 Sep ,2025 Aug ,2025 Jul ,2025 Jun ,2025 May ,2025 Apr ,2025 Mar ,2025 Feb ,2025 Jan ,2024 Dec ,2024 Nov ,2024 Oct ,2024 Sep ,2024 Aug ,2024 Jul ,2024 Jun ,2024 May ,2024 Apr ,2024 Mar ,2024 Feb ,2024 Jan ,2023 Dec ,2023 Nov ,2023 Oct ,2023 Sep ,2023 Aug ,2023 Jul ,2023 Jun ,2023 May ,2023 Apr ,2023 Mar ,2023 Feb ,2023 Jan ,2022 Dec ,2022 Nov ,2022 Oct ,2022 Sep ,2022 Aug ,2022 Jul ,2022 Jun ,2022 May ,2022 Apr ,2022 Mar ,2022 Feb ,2022 Jan ,2021 Dec ,2021 Nov ,2021 Oct ,2021 Sep ,2021 Aug ,2021 Jul ,2021 Jun ,2021 May ,2021 Apr ,2021 Mar ,2021 Feb ,2021 Jan ,2020 Dec ,2020 Nov ,2020 Oct ,2020 Sep ,2020 Aug ,2020 Jul ,2020 Jun ,2020 May ,2020 Apr ,2020 Mar ,2020 Feb ,2020 Jan ,2019 Dec ,2019 Nov ,2019 Oct ,2019 Sep ,2019 Aug ,2019 Jul ,2019 Jun ,2019 May ,2019 Apr ,2019 Mar ,2019 Feb ,2019 Jan ,2018 Dec ,2018 Nov ,2018 Oct ,2018 Sep ,2018 Aug ,2018 Jul ,2018 Jun ,2018 May ,2018 Apr ,2018 Mar ,2018 Feb ,2018 Jan ,2017 Dec ,2017 Nov ,2017 Oct ,2017 Sep ,2017 Aug ,2017 Jul ,2017 Jun ,2017 May ,2017 Apr ,2017 Mar ,2017 Feb ,2017 Jan ,2016 Dec ,2016 Nov ,2016 Oct ,2016 Sep ,2016 Aug ,2016 Jul ,2016 Jun ,2016 May ,2016 Apr ,2016 Mar ,2016 Feb ,2016 Jan ,2015 Dec ,2015 Nov ,2015 Oct ,2015 Sep ,2015 Aug ,2015 Jul ,2015 Jun ,2015 May ,2015 Apr ,2015 Mar ,2015 Feb ,2015 Jan 
Premium Thai Rice (Per 5 Kilogram),14.03,14.62,14.31,14.07,13.97,14.02,13.93,14.37,14.81,14.14,14.29,14.3,14.84,14.84,14.52,14.35,13.82,13.89,13.92,13.87,14.54,14.37,13.97,14.22,13.59,13.89,13.92,13.79,13.77,13.66,13.67,13.8,13.37,13.21,12.82,12.95,13.23,13.28,12.93,12.98,13.31,13.42,13.46,13.01,13.43,12.9,12.9,13.01,13.02,13.33,13.59,13.12,13.09,13.27,13.48,13.54,13.61,13.6,13.47,13.38,13.54,13.56,13.57,13.79,13.9,13.9,14,14.1,14.08,13.68,13.79,13.05,13.64,13.72,13.57,13.68,13.25,13.23,13.74,13.59,13.22,13.26,12.96,13.21,13.28,13.34,13.27,13.25,13.12,13.22,13.2,13.16,12.95,12.82,12.38,12.68,12.65,13.19,13.15,12.61,12.75,13.06,12.98,13.17,13.37,13.3,13.05,12.87,12.92,13.17,13.31,13.34,12.95,12.89,13.1,13.15,13.36,13.33,12.8,13.18,13.28,13.31,13.18,12.75,12.73,13.21,13.03,13.07,12.99,13.14,12.74,13.45
Wholemeal Bread (Per 400 Gram),2.85,2.85,2.84,2.85,2.85,2.85,2.83,2.83,2.83,2.83,2.83,2.81,2.82,2.82,2.79,2.79,2.8,2.85,2.85,2.8,2.85,2.84,2.85,2.85,2.58,2.6,2.6,2.56,2.56,2.47,2.4,2.41,2.46,2.39,2.35,2.3,2.34,2.28,2.26,2.23,2.23,2.19,2.15,2.09,2.09,2.15,2.13,2.13,2.13,2.13,2.13,2.13,2.11,2.11,2.11,2.11,2.07,2.03,2.03,2.1,2.1,2.1,2.11,2.02,2.03,2.13,2.11,2.11,2.13,2.11,2.12,2.13,2.12,2.03,2.02,2.02,2.12,2.02,2.04,2.03,2.14,2.14,2.07,2.14,2.05,2.05,2.05,2.05,2.05,2.04,2.05,2.05,2.04,2.03,1.94,1.92,2.03,2.04,2.04,2.04,2.03,2.04,2.04,2.04,2.03,2.04,2.04,2.04,2.04,2.04,2.04,2.04,2.03,2.04,2.02,2.04,2.04,2.04,2.04,2.04,2.02,2.02,2.02,2.02,2.02,2.03,2.05,2.05,2.05,2.05,2.05,2.05
Sausage Bun (Each),1.69,1.69,1.69,1.69,1.69,1.69,1.71,1.71,1.71,1.71,1.71,1.71,1.7,1.7,1.7,1.65,1.65,1.65,1.61,1.61,1.62,1.6,1.6,1.6,na,na,na,na,na,na,na,na,na,na,na,na,na,na,na,na,na,na,na,na,na,na,na,na,na,na,na,na,na,na,na,na,na,na,na,na,na,na,na,na,na,na,na,na,na,na,na,na,na,na,na,na,na,na,na,na,na,na,na,na,na,na,na,na,na,na,na,na,na,na,na,na,na,na,na,na,na,na,na,na,na,na,na,na,na,na,na,na,na,na,na,na,na,na,na,na,na,na,na,na,na,na,na,na,na,na,na,na
Instant Noodles (Per 5 Packets),3.9,3.97,3.84,3.7,3.69,3.87,3.92,3.94,3.93,3.94,3.94,3.93,4.01,4.07,4.01,3.92,3.72,3.73,3.93,3.93,3.95,3.97,3.84,3.86,2.8,2.76,2.79,2.68,2.59,2.86,2.84,2.84,2.76,2.73,2.66,2.73,2.74,2.71,2.71,2.72,2.39,2.62,2.65,2.57,2.55,2.56,2.43,2.37,2.46,2.43,2.44,2.38,2.2,2.27,2.44,2.4,2.41,2.35,2.35,2.32,2.36,2.34,2.31,2.28,2.21,2.25,2.35,2.4,2.36,2.27,2.29,2.2,2.28,2.27,2.23,2.25,2.19,2.18,2.23,2.28,2.25,2.24,2.24,2.24,2.26,2.29,2.27,2.25,2.2,2.21,2.28,2.31,2.32,2.31,2.26,2.26,2.28,2.3,2.3,2.19,2.17,2.24,2.25,2.31,2.26,2.27,2.25,2.27,2.28,2.3,2.3,2.27,2.17,2.21,2.27,2.27,2.29,2.25,2.23,2.24,2.25,2.25,2.24,2.14,2.12,2.17,2.22,2.12,2.23,2.21,2.21,2.15
Cracker (Per 100 Gram),0.99,1.02,0.98,0.98,0.98,0.96,0.97,1,0.99,1.01,1.01,1.01,1,1.01,1.01,1.02,0.96,0.99,0.96,1.04,1.03,1.04,1.02,1.05,na,na,na,na,na,na,na,na,na,na,na,na,na,na,na,na,na,na,na,na,na,na,na,na,na,na,na,na,na,na,na,na,na,na,na,na,na,na,na,na,na,na,na,na,na,na,na,na,na,na,na,na,na,na,na,na,na,na,na,na,na,na,na,na,na,na,na,na,na,na,na,na,na,na,na,na,na,na,na,na,na,na,na,na,na,na,na,na,na,na,na,na,na,na,na,na,na,na,na,na,na,na,na,na,na,na,na,na
Canned Baked Beans (Per 100 Gram),0.46,0.45,0.44,0.42,0.42,0.43,0.44,0.44,0.43,0.45,0.45,0.44,0.44,0.44,0.44,0.4,0.41,0.42,0.42,0.42,0.42,0.43,0.42,0.42,na,na,na,na,na,na,na,na,na,na,na,na,na,na,na,na,na,na,na,na,na,na,na,na,na,na,na,na,na,na,na,na,na,na,na,na,na,na,na,na,na,na,na,na,na,na,na,na,na,na,na,na,na,na,na,na,na,na,na,na,na,na,na,na,na,na,na,na,na,na,na,na,na,na,na,na,na,na,na,na,na,na,na,na,na,na,na,na,na,na,na,na,na,na,na,na,na,na,na,na,na,na,na,na,na,na,na,na
Canned Sardines (Per 100 Gram),0.85,0.88,0.81,0.83,0.88,0.87,0.89,0.9,0.91,0.91,0.86,0.88,0.88,0.88,0.89,0.87,0.84,0.87,0.87,0.87,0.87,0.87,0.87,0.87,na,na,na,na,na,na,na,na,na,na,na,na,na,na,na,na,na,na,na,na,na,na,na,na,na,na,na,na,na,na,na,na,na,na,na,na,na,na,na,na,na,na,na,na,na,na,na,na,na,na,na,na,na,na,na,na,na,na,na,na,na,na,na,na,na,na,na,na,na,na,na,na,na,na,na,na,na,na,na,na,na,na,na,na,na,na,na,na,na,na,na,na,na,na,na,na,na,na,na,na,na,na,na,na,na,na,na,na
Canned Luncheon Meat (Per 100 Gram),1.24,1.28,1.26,1.23,1.22,1.3,1.23,1.26,1.26,1.3,1.27,1.22,1.26,1.3,1.26,1.28,1.25,1.25,1.28,1.27,1.28,1.26,1.24,1.25,na,na,na,na,na,na,na,na,na,na,na,na,na,na,na,na,na,na,na,na,na,na,na,na,na,na,na,na,na,na,na,na,na,na,na,na,na,na,na,na,na,na,na,na,na,na,na,na,na,na,na,na,na,na,na,na,na,na,na,na,na,na,na,na,na,na,na,na,na,na,na,na,na,na,na,na,na,na,na,na,na,na,na,na,na,na,na,na,na,na,na,na,na,na,na,na,na,na,na,na,na,na,na,na,na,na,na,na
"Lean Pork, Chilled (Per Kilogram)",15.38,15.43,15.44,15.46,15.31,15.08,15.31,15.87,15.68,15.71,15.86,16.17,16,15.73,15.9,15.95,15.99,15.56,15.53,15.5,15.69,15.57,15.58,15.6,16.28,16.31,16.18,16.35,16.43,16.3,16.65,17.3,16.55,16.58,16.54,16.67,16.46,16.34,16.52,16.55,16.59,15.62,16.15,14.68,15.2,15.74,15.84,15.73,15.54,15.57,15.83,15.24,15.04,15.46,15.8,15.18,15.23,14.74,14.75,15.31,15.25,14.94,15.49,15.65,15.75,15.29,15.79,16.02,15.74,14.98,14.46,14.47,14.3,13.78,13.91,13.76,14.03,13.93,13.98,13.95,14.03,14.17,13.81,13.95,13.79,13.52,13.85,13.77,13.85,13.84,13.87,13.57,13.71,13.63,13.67,13.66,13.84,13.63,13.92,13.79,13.95,13.68,13.49,13.61,13.39,13.47,13.84,13.8,13.84,13.94,13.72,13.85,13.86,13.72,13.61,13.65,13.74,13.8,14.17,13.81,13.53,13.61,13.22,13.36,13.26,12.88,13.15,13.29,13.24,13.36,13.68,13.19
"Streaky Pork, Chilled (Per Kilogram)",19.99,19.92,20.01,20.01,19.72,19.86,19.73,19.6,19.62,19.38,19.49,19.71,19.42,19.32,19.79,19.51,19.88,19.86,19.39,19.72,20.57,20.55,20.63,19.97,20.89,20.79,20.51,20.33,20.49,20.54,20.37,19.88,19.27,19.2,19.13,19.22,19.02,19.02,19.11,19.09,18.95,18.75,18.86,18.16,17.73,18.11,18.12,18.04,17.98,17.69,17.99,17.99,17.33,17.09,17.21,17.23,17.09,16.83,16.75,16.66,16.61,16.61,16.66,17.62,17.79,17.41,17.67,17.77,17.16,16.78,17.1,17.09,15.98,15.54,15.65,15.56,15.55,15.59,15.65,15.65,15.69,15.69,15.78,15.7,15.65,15.84,15.61,15.78,15.63,15.9,15.61,15.46,15.91,16,16.17,15.85,15.76,15.76,15.76,15.82,15.92,15.36,15.62,15.52,15.62,15.81,15.83,15.91,15.77,15.77,15.77,15.74,15.73,15.73,15.77,15.78,15.6,15.73,16.05,15.69,15.29,15.33,15.16,15.07,14.99,14.64,15.07,14.96,14.94,14.82,15.42,14.85
"Pork Rib Bones, Chilled (Per Kilogram)",18.53,18.96,18.85,18.57,18.59,18.31,17.95,18.6,18.65,18.06,18.08,18.02,17.67,17.94,18.17,18.4,18.12,18.18,18.26,18.35,18.18,18.03,19.25,19.31,20.32,20.8,20.82,20.78,19.83,19.3,21.03,19.62,19.79,19.82,20.53,20.72,20.52,20.01,20.08,20.41,19.37,19.25,19.89,19.37,18.46,18.35,18.18,18.14,18.05,17.53,18.46,18.05,17.83,18.64,17.66,18.34,18.4,18.13,17.62,17.61,17.77,17.74,17.22,19.22,19.45,18.97,19.28,19.24,19.3,19.09,17.41,17.44,17.78,17.11,16.87,16.72,16.61,16.92,16.55,16.89,16.52,17.1,17.34,16.49,17.26,17.33,17.43,17.38,17.08,17.1,17.71,17.19,16.98,17.03,17.79,17.46,17.51,17.45,16.99,17.64,17.58,17.49,17.32,17.01,16.79,17.15,17.48,17.59,17.37,17.37,16.86,16.99,16.94,17.22,17.5,17.2,17,17.22,17.44,17.33,17.03,16.92,16.67,16.85,16.97,16.32,16.79,16.56,16.73,15.99,17.04,16.75
"Ribeye Beef, Chilled (Per Kilogram)",58.36,58,57.49,56.59,58.58,55.1,53.64,55.75,57.21,54.11,52.6,49.83,48.25,49.96,55.87,54.15,53.53,50.37,51.96,50.96,51.68,51.96,54.9,54.83,54.66,54.67,52.94,54.66,53.19,54.98,55.66,55.88,55.89,49.02,51.78,56.22,56.56,56.56,56.01,57.35,56.97,54.5,54.07,59.94,57.49,55.67,54.81,55.44,54.21,54.18,51.44,53.07,56.36,55.11,53.06,51.87,53.84,53.81,55.69,53.72,53.72,54.54,46.92,46.92,47.81,52.89,54.54,54.54,55.09,50.76,51.34,51.34,49.94,50.73,51.61,51.48,48.11,47.98,47.75,47.09,47.71,47.85,47.85,45.93,47.97,46.14,45.31,44.04,42.16,46.74,46.27,44.41,45.19,46.82,46.91,46.91,46.44,44.92,45.69,43.7,44.46,42.37,43.64,44.46,42.93,41.97,42.49,42.27,40.9,42.58,41.06,41.45,41.88,40.81,41.97,40.89,41.03,40.75,40.89,39.67,39.97,40.75,39.46,40.42,41.17,40.16,39.09,40.86,40.52,40.86,38.11,40.86
"Mutton, Chilled (Per Kilogram)",24.75,24.75,24.75,25.73,24.36,25.32,24.86,24.12,23.45,22.97,22.97,22.97,22.97,23.94,22.97,23.87,23.67,23.46,23.03,23.02,23.02,23.02,23.02,23.02,26.99,26.78,27.3,26.99,26.99,26.99,26.98,26.99,27.82,27.39,26.96,28.49,26.57,26.38,25.88,26.56,25.88,25.61,24.99,24.59,24.59,24.59,24.59,24.59,25.21,24.54,22.2,22.2,23.28,23.28,21.25,21.25,21.25,20.52,20.52,20.52,21.94,21.94,21.94,21.94,21.94,22.29,22.64,21.94,21.94,21.94,21.94,21.94,19.93,19.93,19.93,19.93,19.93,19.93,19.93,19.93,19.93,19.93,19.93,19.62,19.22,19.22,19.22,18.56,18.27,18.27,18.27,18.27,18.27,18.27,18.27,18.27,18.27,18.27,18.27,18.27,18.27,18.27,18.27,18.27,18.27,18.27,18.27,18.27,18.27,18.27,18.27,18.27,18.27,18.27,18.27,18.27,18.27,18.27,18.27,18.27,18.27,18.27,18.27,18.27,18.27,18.27,18.27,18.27,18.27,17.83,17.79,17.79
"Whole Chicken, Chilled (Per Kilogram)",8.68,8.61,8.69,8.75,8.7,8.67,8.89,8.78,8.55,8.36,8.27,8.31,8.28,8.34,8.34,8.3,8.37,8.33,8.47,8.66,8.64,8.47,8.53,8.6,8.44,8.56,8.54,8.63,8.59,8.76,8.83,8.8,9.09,9.36,8.92,8.87,8.91,8.92,9.36,8.59,8.56,8.5,8.39,7.22,7.21,6.6,6.55,6.5,6.38,6.35,6.31,6.35,6.32,6.33,6.31,6.34,6.31,6.37,6.4,6.35,6.35,6.37,6.38,6.31,6.25,6.27,6.32,6.32,6.32,6.36,6.35,6.29,6.38,6.39,6.33,6.37,6.37,6.3,6.38,6.23,6.38,6.39,6.32,6.43,6.47,6.3,6.45,6.49,6.26,6.45,6.44,6.43,6.45,6.44,6.47,6.57,6.53,6.57,6.58,6.63,6.58,6.62,6.62,6.62,6.53,6.56,6.56,6.54,6.49,6.49,6.46,6.51,6.28,6.23,6.2,6.29,6.22,6.27,6.29,6.41,6.14,6.16,6.1,6.08,5.94,5.96,6.11,6.17,6.05,6.15,6.27,6.14
"Chicken Wing, Chilled (Per Kilogram)",9.6,9.69,9.66,9.69,9.78,9.88,9.75,9.76,9.85,9.49,9.4,9.3,9.25,9.38,9.35,9.34,9.31,9.29,8.99,9.37,9.03,9.3,9.21,9.32,10.88,11.1,11.07,10.86,11.14,11.31,11.29,11.14,11.33,11.36,11.72,11.62,11.67,11.66,11.21,11.35,11.41,11.32,11.21,10.43,9.45,8.75,8.8,8.76,8.71,8.28,8.25,8.25,8.25,8.16,8.1,8.16,8.17,8.28,8.31,8.28,8.31,8.26,8.24,8.19,8.41,8.43,8.42,8.67,8.67,8.52,8.52,8.52,8.37,8.38,8.38,8.38,8.37,8.37,8.38,8.38,8.41,8.44,8.44,8.44,8.04,8.05,8.06,8.05,8.06,8.05,8.05,8.07,8.03,8.02,8.08,8.07,8.08,8.08,8.08,8.09,8,8,7.97,8,8.01,8,8,8,8.01,8.02,8.01,8.01,8.02,7.95,8.02,8.09,8.06,8.07,8.14,8.04,7.77,7.78,7.8,7.74,7.75,7.78,8.11,8.11,8,7.87,8.01,7.96
"Lean Pork, Frozen (Per 500 Gram)",5.42,5.49,5.49,5.38,5.46,5.41,5.44,5.45,5.42,5.35,5.39,5.11,5.25,5.35,5.34,5.36,5.32,5.33,5.38,5.31,5.42,5.38,5.33,5.27,5.11,5.17,5.17,5.23,5.09,5.13,5.15,5.16,5.1,5.12,5.12,5.14,5.13,5.16,4.88,4.88,4.87,4.89,4.89,4.88,4.83,4.83,4.83,4.83,4.83,4.83,4.83,4.83,4.83,4.86,4.83,4.83,4.83,4.83,4.75,4.83,4.82,4.77,5.05,5.07,5.08,5.06,5.06,5.06,5.06,4.89,4.45,4.44,4.34,4.34,4.3,4.28,4.36,4.35,4.36,4.37,4.37,4.37,4.38,4.18,4.37,4.36,4.37,4.36,4.37,4.37,4.36,4.34,4.34,4.18,4.38,4.37,4.22,4.37,4.37,4.53,4.31,4.21,4.38,4.28,4.3,4.44,4.44,4.44,4.44,4.44,4.44,4.44,4.44,4.44,4.28,3.91,4.05,3.92,3.94,4.05,4.05,4.27,4.27,4.38,4.07,4.44,4.37,4.44,4.42,4.3,4.44,4.44
"Pork Rib Bones, Frozen (Per 500 Gram)",5.61,5.78,6.04,5.62,5.53,5.67,5.9,5.87,6.1,6.07,5.96,6.1,5.98,6.1,6.1,6.06,6.11,4.92,6.33,5.42,5.75,6.06,6.14,6.14,5.95,5.97,5.92,6.17,6.17,6.09,6,6.08,6.21,6,5.91,6.22,6.12,6.12,6.11,6.11,6.1,6.12,6.11,6.09,5.84,6.06,6.08,6.08,6.08,6.08,6.08,6.08,6.08,6.12,6.08,6.09,6.09,6.09,6.09,6.08,6.08,6.07,6.09,6.09,6.09,6.09,6.06,6.06,6.06,5.47,5.32,5.08,4.99,3.71,4.93,4.82,3.85,4.56,4.75,3.73,4.87,5.12,4.24,5.05,5,3.99,4.92,4.87,5.05,4.9,4.95,4.93,5.11,4.99,4.87,5.1,5.25,4.87,4.91,4.92,4.69,5.13,4.97,4.77,5.08,5.08,5.25,5.08,5.09,4.21,5.01,5.01,5.01,5.14,4.73,4.64,4.52,4.52,4.79,4.65,4.75,5.17,5.25,4.56,3.89,5.15,5.1,5.2,5.11,5.15,5.14,5.11
"Beef Cube, Frozen (Per 500 Gram)",7.35,7.35,7.39,7.44,7.45,7.45,7.33,7.34,7.19,7.09,7.05,7.03,6.93,6.94,7.07,7.01,7.01,6.91,6.81,6.81,7.01,6.87,7,7.01,6.51,6.5,6.51,6.44,6.44,6.42,6.41,6.43,6.42,6.43,6.43,6.46,6.41,6.41,6.38,6.42,6.41,6.32,6.31,6.31,6.33,6.36,6.34,6.34,6.32,6.34,6.27,6.27,6.27,6.27,6.35,6.35,6.35,6.34,6.35,6.35,6.35,6.35,6.35,6.35,6.34,6.34,6.34,6.34,6.34,6.32,6.32,6.31,6.32,6.07,6.03,6.2,6.22,6.23,5.76,5.68,6.11,5.66,6.38,6.37,6.34,6.35,6.34,6.09,6.1,6.35,6.15,6.24,6.03,6.04,5.98,6.36,6.46,6.64,5.97,6.42,6.37,6.11,6.21,6.35,6.59,6.48,6.6,6.58,6.58,6.74,6.29,6.16,6.22,6.42,6.29,5.78,5.93,6.23,6.18,6.17,5.89,6.37,6.67,6.32,6.37,6.09,6.03,6.08,6.2,6.17,6.21,6.26
"Whole Chicken, Frozen (Each)",3.92,3.89,4.26,3.96,3.87,3.87,3.67,3.9,4.02,4.1,4.21,4.14,4.27,4.27,4.26,4.2,4.29,4.23,4.23,4.24,4.17,4.2,4.15,4.15,4.35,4.99,3.89,3.75,3.71,4.13,4.17,4.24,4.24,3.97,3.77,4.21,4.98,5.76,5.15,5.15,4.98,4.29,4.28,4.09,3.71,3.18,3.15,3.16,3.04,3.04,3.02,3.01,3.01,3.46,3.45,3.44,3.47,3.42,3.42,3.42,3.59,3.59,3.96,3.99,4,4.05,4.04,4.04,4.02,3.95,3.81,3.93,3.48,4.08,3.63,3.65,3.3,3.05,2.92,3.09,4.16,4.16,3.61,3.26,3.34,3.73,3.37,3.39,4.22,3.96,3.09,3.05,3.24,3.24,3.23,3.51,4.42,3.37,3.53,3.38,4.22,3.43,3.19,3.29,3.35,3.34,3.46,3.3,3.33,3.35,3.33,4.25,4.3,4.26,3.52,3.59,3.56,4.36,3.79,4.09,4.01,4.51,4.52,4.36,4.36,4.4,3.87,4.08,4.33,4.05,4.63,4.38
"Chicken Wing, Frozen (Per 2 Kilogram)",8.45,8.47,8.75,8.86,8.46,8.98,9.32,9.75,9.59,9.56,9.54,9.54,9.56,9.57,9.56,9.58,9.33,8.83,9.29,9.75,9.53,9.42,9.38,9.38,9.84,9.81,9.5,9.5,9.59,9.59,9.59,9.58,9.58,9.65,9.32,9.26,9.48,9.45,9.19,9.2,9.33,9.62,9.61,9.48,8.67,8.83,8.82,8.8,8.83,8.83,8.83,8.96,8.84,8.84,8.65,8.45,9.13,9.17,9.17,9.17,9.17,9.17,9.17,9.3,9.52,9.58,9.64,9.81,9.72,9.6,9.13,9.07,9.42,9.22,9.09,9.18,9.65,9.64,8.71,8.68,8.88,9.39,9.6,9.58,10.3,10.29,10.18,10.31,10.56,10.24,9.79,9.78,9.49,8.98,9.55,9.64,10.32,9.93,9.92,9.67,9.54,9.6,9.63,9.98,9.93,9.91,10.03,10.05,10.22,10.44,10.48,10.13,9.93,9.98,10.38,10.2,10.4,10.12,9.94,10.1,9.96,10.3,10.22,10.13,10.36,10.36,10.49,10.17,10.04,10.06,9.96,10.35
Cod Fish (Per Kilogram),74.09,73.82,75.76,75.71,75.86,76.06,76,75.9,73.75,68.76,65.71,66.61,66.32,66.57,65.81,66,64.23,64.71,63.33,64.03,64.34,64.07,63.72,65.93,64.65,65.65,65.98,64.97,64.6,64.45,64.78,64.61,64.85,64.92,65.93,66.27,65.27,65.12,65.06,64.91,65.91,65.76,66.32,66.76,66.9,66.27,65.88,68.2,66.44,65.57,62.84,62.84,60.96,60.65,61.73,62.39,62.52,64.44,65.47,65.75,65.91,64.72,65.79,65.6,64.99,65.54,65.77,63.79,66.78,65.72,65.99,66.97,66.17,65.74,66.46,66.09,66.33,66.08,66.38,66.71,65.39,65.81,65,66.55,66.07,65.41,65.65,65.08,64.93,65.9,65.64,65.22,64.92,64.8,65.79,65.25,65.42,65.16,64.66,64.82,64.27,65.26,64.51,65.46,65.77,65.73,64.2,65.38,64.01,62.09,61.66,62.35,60.89,60.51,59.64,59.38,55.9,55.39,55.87,56.47,55.05,53.78,53.9,54.14,52.75,50.53,49.71,49.39,50.39,49.7,50.24,49.79
Flowery Grouper (Per Kilogram),16.35,15.95,17.02,16.12,16.43,16.45,15.61,17.27,16.62,17.55,18.11,18.54,17.75,16.73,17.3,17.65,16.98,17.26,17.16,17.06,18.04,18,19.41,20.91,15.6,16.35,16.22,16.32,15.65,15.73,15.8,16.29,16.1,16.51,15.91,16.64,15.24,15.42,15.27,15.34,14.97,15.36,14.65,14.48,13.38,13.72,13.78,15.33,14.04,13.29,13.07,13.52,13.04,13.05,12.59,12.81,12.97,13.51,14.48,13.94,13.01,13.78,13.29,13.05,13.08,12.99,15.29,13.26,13.26,13.43,14.62,15.99,14.8,13.57,14.8,14.81,14.56,15.02,13.93,12.55,13.66,13.4,14.47,13.93,13.51,13.11,13.29,14.55,13.88,13.84,13.04,12.71,12.79,14.12,16.11,14.4,13.51,13.78,13.87,14.5,14.73,13.96,14.03,14.38,13.91,14.25,14.06,15.26,14.11,14.33,14.28,14.59,14.39,14.63,14.37,14.05,13.67,14.18,15.6,15.07,13.23,13.37,13.45,13.69,13.67,13.87,13.89,13.77,14.01,14.54,15.12,14.01
White Pomfret (Per Kilogram),19.46,18.95,19.27,19.17,20.04,20.44,20.6,19.01,19.65,20.21,22.34,25.56,21.28,19.94,21.79,22.02,20.96,21.83,22.32,22.93,19.93,20.46,25.38,25.93,26.23,28.37,26.77,29.41,28.83,29.38,29.62,28.87,29.67,28.66,29.41,34.06,31.82,31.26,30.37,30.46,31.32,31.68,34.12,34.17,32.83,32.79,33.9,36.57,29.96,28.65,27.66,28.49,30.67,29.34,29.39,28.98,26.25,27.13,33.03,30.95,29.31,28.5,31.22,30.3,29.03,29.25,28.94,28.89,28.82,28.81,32.67,36.08,29.4,28.3,28.36,29.13,28.88,29.66,28.41,28.56,27.23,29.78,30.56,30.47,28.36,28.43,29.04,29.82,28.34,30.36,30.06,28.65,29.08,28.52,35.28,30.16,28.93,27.53,27.69,28.15,29.19,29.85,28.29,28.24,27.22,27.51,28.52,33.18,26.75,27.41,27.59,27.23,27.92,28.07,27.49,27.08,26.08,26.81,28.98,30.45,27.3,25.87,26.84,26.2,26.64,26.14,25.36,25.02,24.44,25.64,30.89,25.09
Salmon (Per Kilogram),35.5,34.83,34.89,33.63,33.61,34.59,35.3,35.39,34.52,35.08,35.56,36.49,35.6,34.47,35.18,35.68,36.15,36.01,36.48,36.86,37.57,37.99,36.47,36.16,35.68,35.8,35.5,34.34,36.45,37.03,38.19,39.72,38.85,39.82,36.55,36.47,34.05,33.22,33.04,33.72,35.46,37.16,37.3,37.72,35.29,33.08,31.42,31.42,29.9,30.28,28.73,28.54,28.48,29.44,29.51,29.59,29.71,29.93,29.9,29.72,29.47,30.06,30.16,30.06,29.15,29.79,30.22,29.85,29.69,29.75,29.76,29.98,29.96,29.91,30.03,30.21,29.97,29.85,29.71,30.23,30.38,30.38,30.1,30.34,30.26,30.45,30.58,30.62,30.75,31.38,31.69,31.4,31.62,31,31.08,30.72,30.41,30.76,30.46,31.08,31.38,32.24,31.26,31.14,31.46,31.33,31.9,31.95,30.24,29.77,29.4,29.68,29.63,29.64,29.14,28.26,27.64,27.63,27.68,27.67,26.78,26.74,26.61,26.84,26.74,26.87,27.1,27.55,27.74,28.02,28.56,27.58
Sea Bass (Per Kilogram),11.33,10.88,11.08,11.01,10.54,11.03,10.91,10.76,11.86,12.16,12,12.42,11.57,11.43,10.63,11.33,11.59,11.38,11.85,12.01,11.16,11.4,11.11,10.46,10.37,11.08,11.15,11.67,11.57,12.19,11.24,11.98,11.58,12.15,12.09,11.83,11.86,11.47,11.98,13.39,13.74,13.14,12.72,12.02,11.4,11.26,11.72,11.9,11.53,11.54,12.03,11.79,12.34,11.6,11.12,11.86,11.53,11.32,11.88,11.59,11.6,11.38,11.77,11.42,11.42,11.75,11.38,11.22,12.06,11.61,12.11,12.7,11.37,11.45,11.93,12.03,11.69,12.15,12.1,11.8,11.76,12.14,12.63,12.07,11.68,12.08,11.75,12.04,12.13,12.64,12.08,12.07,11.22,10.99,12.99,12.19,11.96,12.01,11.86,11.8,12.56,12.65,12.23,12.19,12.29,12.07,12.19,12.44,12.38,12.3,12.48,11.97,12.26,12.46,12.44,12.14,12.64,12.6,13.63,12.07,11.56,11.61,11.44,11.84,11.39,11.64,11.7,12.58,12.21,12.41,12.82,12.48
Golden Snapper (Per Kilogram),18.65,18.08,19.05,18.73,18.32,18.18,17.89,17.61,17.22,18.33,19.78,21.06,19.9,19.41,19.77,18.91,18.45,19.13,18.56,18.57,18.95,19.29,20.35,18.92,19.71,19.1,19.71,19.96,18.52,19.14,18.85,18.68,19.08,20.68,21.35,22.43,20.29,19.96,19.73,20.77,20.41,19.33,19.12,19.08,19.77,19.5,19.6,22.44,18.45,17.99,18.25,18.25,18.48,19.1,17.41,19.22,19.09,20.24,22.02,20.71,18.94,19,17.64,18.36,19.12,19.51,18.46,18.46,19.32,18.39,17.63,20.67,19.06,18.43,18.28,18.1,18.26,18.85,17.84,17.87,17.44,18,19.35,19.92,19.05,18.46,18.75,18.49,19.63,18.72,19.41,18.08,18.81,18.8,20,19.23,18.68,18.43,18.6,19.05,18.33,18.06,17.62,18.29,18.31,18.04,18.81,20.6,18.78,18.39,18.15,18.75,18.36,18.81,18.24,17.11,17.45,17.71,20.94,21.27,18.07,18.09,17.95,19.18,18.79,19.29,18.28,17.43,18.16,19.73,20.24,20.16
Spanish Mackerel (Batang) (Per Kilogram),13.12,12.82,13.06,13.26,13.4,13.36,12.86,13.27,13.54,13.33,13.25,12.67,13.19,13.35,12.96,13.89,13.79,13.13,13.37,13.53,12.8,13.83,12.73,13.72,13.44,13.55,13.62,14.04,13.72,13.21,13.07,13.38,13.24,13.59,13.44,13.52,13.2,13.17,12.82,12.73,12.91,12.69,13.04,13.48,12.96,13.58,13.53,14.71,13.76,13.63,14.06,14.06,13.56,13.05,12.66,13.21,13.22,13.01,13.66,13.75,13.37,13.39,13.58,13.46,13.28,12.9,11.49,11.45,13.36,12.77,12.66,13.7,12.89,12.44,13.07,12.56,13.12,12.98,13.19,12.29,12.16,12.4,12.75,13.4,12.19,12.38,12.22,12.56,12.67,12.77,12.38,12.27,11.68,12.03,12.69,12.95,12.28,12.29,12.15,12.58,12.62,12.63,12.05,11.33,11.97,12.17,11.94,12.43,11.53,11.65,11.81,11.24,11.81,12.57,12,11.15,10.49,11.37,11.55,11.6,11.42,11.35,11.63,11.93,12.08,12.05,11.44,11.05,11.21,10.81,12.25,12.13
Threadfin (Kurau) (Per Kilogram),48,50.45,50.68,49.58,51.29,48.5,46.67,47.83,52.52,50.71,53.44,59.52,50.16,50.87,51.82,49.7,54.56,54.05,52.61,52.41,51.95,52.19,59.59,58.32,57.8,56.09,57.45,58.19,58.31,56.43,57.21,59.68,57.12,57.04,59.45,66.29,56.24,55.07,57.95,54.84,57.32,59.9,59.34,61.06,59.04,59.1,57.89,64.1,58.11,59.52,56.67,55.94,57.99,57.47,59.16,59.33,56.82,58.28,62.29,59.41,59.22,58.22,58.97,59.98,61.98,59.93,57.7,58.34,62.39,62.37,60.69,64.03,58.87,58.02,58.23,58.01,62.19,60.87,60.21,60.54,56.43,59.06,61.4,61.71,57.76,54.55,57.54,58.56,61.28,63.76,61.5,57.83,54.09,54.46,64.09,62.65,58.55,56.13,55.82,57.09,57.52,63.9,56.76,56.28,53.86,53.53,55.78,62.13,55.21,55.64,57.99,57.11,58.05,60.58,57.47,54.78,52.8,54.19,59.73,59.85,52.05,50.33,50.74,52.44,57.92,61.14,51.54,49.66,48.03,48.73,58.76,53.82
Medium Prawns (Per Kilogram),17,16.22,16.41,15.63,17.68,16.87,15.34,16.22,17,16.56,17.05,18.37,16.95,17.23,16.06,15.9,16.43,16.36,18.18,17.13,16.12,17.07,17.67,17.97,15.22,15.61,16.21,15.75,15.79,16.75,16.12,16.14,16.21,16.95,16.76,17.39,18.15,16.58,16.49,19.42,18.29,19.43,20.35,21.12,18.51,18.74,19.14,21.64,18.43,18.23,17.95,17.95,18.11,17.84,18.28,20.7,19.7,19.07,22.02,20.47,18.99,19.51,19.51,20.98,21.2,20.08,19.11,18.88,18.84,19.36,20.68,24.29,19.88,19.16,20.11,19.77,18.99,18.92,19.53,19.41,19.45,19.01,20.64,21.28,19.11,19.73,18.95,18.52,18.57,19.57,19.24,19.1,18.9,20.19,21.71,21.66,19.82,18.67,18.78,18.72,18.52,17.74,19.27,19.17,19.06,18.88,19.36,21.84,18.85,18.38,18.94,18.52,18.49,18.74,18.58,18.12,18.16,18.09,20.48,20.22,18.32,18.09,18.07,18.03,18.09,18.33,18.23,17.87,18.07,18.82,22.46,19.46
Squids (Per Kilogram),18.82,18.53,18.53,19.38,19.74,19.16,19.39,18.88,19.62,20.27,20.5,21.54,19.14,19,18.81,19.13,19.35,18.72,17.8,18.07,17.18,19.44,21.1,19.94,19.56,19.22,19.47,19.79,19.91,19.72,19.56,20.07,20.32,21.08,20.31,21.93,20.17,19.64,18.77,20.49,17.88,17.79,17.97,18,18.34,19.09,18.84,19.96,18.9,18.12,18.07,17.8,17.83,17.62,17.62,17.47,17.5,17.9,18.86,17.82,17.91,17.83,17.89,17.96,18.18,17.6,17.42,17.21,17.23,17.2,17.6,18.65,17.34,16.53,16.92,16.57,17.25,17.1,17.06,16.95,16.9,17.01,17.06,17.59,16.28,15.86,16,15.7,16.03,16.12,15.5,15.48,15.73,16.74,17.96,17.41,15.6,14.92,15.18,14.91,14.89,14.99,14.89,14.71,14.6,14.76,14.98,15.16,14.53,14.44,14.37,14.57,14.65,14.97,14.62,14.39,14.56,14.19,14.73,14.15,13.33,13.37,13.61,13.61,13.67,13.59,12.65,12.31,12.84,13.31,13.94,13.4
Fresh Milk (Per Litre),3.75,3.74,3.74,3.74,3.72,3.73,3.73,3.74,3.74,3.71,3.72,3.71,3.7,3.73,3.74,3.7,3.69,3.73,3.71,3.75,3.76,3.76,3.79,3.72,3.68,3.72,3.69,3.74,3.68,3.59,3.6,3.59,3.58,3.54,3.42,3.41,3.45,3.44,3.43,3.45,3.39,3.37,3.39,3.36,3.37,3.36,3.36,3.35,3.37,3.37,3.37,3.37,3.37,3.37,3.37,3.37,3.37,3.37,3.38,3.37,3.36,3.37,3.37,3.37,3.36,3.37,3.37,3.36,3.37,3.21,3.25,3.22,3.23,3.22,3.22,3.21,3.23,3.2,3.21,3.21,3.2,3.2,3.21,3.2,2.87,2.85,2.9,2.89,2.84,2.85,2.88,2.87,2.86,2.87,2.87,2.82,2.86,2.79,2.8,2.82,2.8,2.77,2.78,2.85,2.95,2.82,2.76,2.74,2.8,2.84,2.8,2.82,2.84,2.79,2.78,2.77,2.76,2.8,2.85,2.82,2.85,2.82,2.8,2.78,2.88,2.86,2.86,2.83,2.81,2.9,2.81,2.83
Infant Milk Powder (Per 100 Gram),7.28,7.28,7.24,7.23,7.21,7.21,7.2,7.19,7.16,7.1,7.07,7.07,7.06,7.06,7.06,7.05,7.05,7.04,7.04,7.03,7.03,7.03,7,6.99,6.72,6.7,6.7,6.69,6.65,6.64,6.64,6.62,6.69,6.6,6.57,6.56,6.53,6.35,6.34,6.34,6.34,6.34,6.34,6.34,6.31,6.21,6.18,6.17,6.17,6.17,6.17,6.17,6.17,6.17,6.17,6.17,6.17,6.16,6.15,6.15,6.15,6.15,6.15,6.15,6.15,6.16,6.16,6.16,6.17,6.16,6.16,6.18,6.12,6.15,6.15,6.17,6.16,6.15,6.12,6.11,6.07,6.12,6.16,6.16,6.31,6.31,6.28,6.31,6.3,6.31,6.28,6.32,6.32,6.27,6.34,6.31,6.3,6.31,6.31,6.3,6.29,6.3,6.28,6.32,6.26,6.31,6.28,6.27,6.26,6.27,6.25,6.27,6.25,6.28,6.28,6.26,6.25,6.16,6.1,6.1,6.07,6.07,6.06,6.04,6.04,6.05,5.96,5.93,5.86,5.82,5.83,5.83
Cheese (Per 12 Slices),6.42,6.67,6.64,6.67,6.73,6.38,6.94,7.39,7.63,7.26,7.11,6.61,6.52,6.8,6.97,6.87,7.14,7.02,7.03,7.01,6.9,6.65,7.09,6.94,6.64,6.58,6.56,6.86,6.73,6.71,6.54,6.51,6.26,6.31,6.12,5.83,5.7,5.69,5.89,5.99,5.85,5.96,5.85,5.94,6.2,5.7,5.71,5.79,5.77,5.82,5.91,5.94,5.78,5.95,5.81,5.97,5.86,5.91,5.6,5.6,5.64,5.54,5.68,5.81,5.57,5.74,6.2,6.2,5.56,5.55,5.85,5.87,5.87,5.74,5.96,5.82,5.89,6.14,6.04,5.75,5.69,5.71,6.26,5.76,4.71,4.79,4.88,4.74,4.76,4.82,4.67,4.8,4.7,4.93,4.65,4.45,4.49,4.52,4.39,4.51,4.53,4.62,4.45,4.55,4.59,4.31,4.35,4.39,4.41,4.4,4.37,4.54,4.61,4.6,4.65,4.47,4.62,4.61,4.69,4.72,4.82,4.7,4.35,4.37,4.89,4.84,4.96,4.88,4.86,4.74,4.68,5.15
Hen Eggs (Per 10),3.29,3.3,3.3,3.29,3.26,3.27,3.3,3.3,3.29,3.28,3.28,3.27,3.26,3.27,3.28,3.3,3.29,3.29,3.26,3.3,3.34,3.37,3.37,3.39,3.36,3.39,3.41,3.38,3.33,3.34,3.33,3.32,3.32,3.32,3.29,3.3,3.21,3.16,3.03,3.01,3,3,3.03,3.05,3.03,2.77,2.64,2.59,2.53,2.5,2.43,2.43,2.44,2.44,2.43,2.41,2.35,2.36,2.38,2.34,2.34,2.32,2.3,2.33,2.35,2.37,2.38,2.38,2.41,2.29,2.27,2.3,2.29,2.29,2.34,2.33,2.33,2.3,2.29,2.31,2.31,2.38,2.37,2.35,2.33,2.29,2.28,2.26,2.26,2.23,2.23,2.23,2.22,2.23,2.25,2.21,2.19,2.19,2.2,2.23,2.15,2.19,2.23,2.23,2.23,2.24,2.26,2.25,2.25,2.25,2.27,2.28,2.27,2.27,2.27,2.29,2.26,2.27,2.24,2.23,2.25,2.26,2.28,2.3,2.2,2.19,2.21,2.26,2.34,2.4,2.41,2.41
Cooking Oil (Per 2 Kilogram),6.25,6.31,6.27,6.19,6.2,6.16,6.26,6.32,6,6.12,6.03,5.94,5.91,5.87,5.77,5.68,5.66,5.73,5.69,5.64,5.95,6.01,5.88,5.78,6.5,6.72,6.91,6.7,6.8,6.91,6.92,6.88,6.81,6.79,6.65,6.67,6.81,7.01,7.55,7.37,6.97,6.97,6.96,6.98,7.25,6.84,6.82,6.8,6.88,6.85,6.81,7.02,6.89,6.97,6.24,6.2,5.98,5.92,5.75,5.72,5.95,5.96,5.98,5.98,5.97,5.97,7.16,7.09,6.91,5.87,5.97,5.69,5.9,5.65,5.71,5.86,5.67,5.68,5.81,5.95,6.02,5.99,5.76,5.83,6,5.94,5.9,5.76,5.83,5.93,6.08,6.02,6.21,6.1,5.83,5.87,5.97,5.89,6.05,6.12,5.8,5.94,5.9,6.02,6.06,5.94,5.91,5.92,5.86,5.85,5.8,5.7,5.72,5.79,5.97,6.17,6.11,6.41,6.35,6.3,5.98,6.11,6.19,6.42,6.24,6.37,6.5,6.44,6.55,6.55,6.12,6.25
Bananas (Per Kilogram),2.9,2.84,2.83,2.86,2.82,2.79,2.83,2.84,2.87,2.9,2.9,2.88,2.82,2.8,2.81,2.81,2.8,2.8,2.8,2.81,2.64,2.69,2.68,2.62,2.68,2.7,2.71,2.71,2.7,2.69,2.7,2.68,2.61,2.57,2.53,2.51,2.51,2.49,2.46,2.47,2.45,2.45,2.42,2.41,2.41,2.38,2.36,2.39,2.34,2.32,2.37,2.37,2.34,2.37,2.38,2.4,2.37,2.39,2.41,2.4,2.39,2.43,2.42,2.42,2.34,2.34,2.26,2.17,2.34,2.34,2.33,2.36,2.37,2.37,2.34,2.32,2.31,2.29,2.28,2.29,2.28,2.27,2.27,2.27,2.27,2.26,2.25,2.25,2.29,2.28,2.23,2.25,2.22,2.23,2.22,2.22,2.3,2.25,2.29,2.28,2.23,2.21,2.23,2.2,2.18,2.16,2.16,2.16,2.12,2.09,2.13,2.09,2.11,2.14,2.08,2.11,2.13,2.12,2.13,2.1,2.06,2.04,2,2,2.02,1.99,1.96,1.93,1.95,1.96,1.95,1.94
Papaya (Per Kilogram),2.69,2.71,2.66,2.67,2.71,2.62,2.79,2.39,2.64,2.76,2.82,2.88,2.81,3.04,3.27,3.25,3.09,2.63,2.3,2.18,2.49,2.6,2.49,2.61,2.5,3.02,3.03,2.91,2.79,2.69,2.57,2.54,2.54,2.47,2.45,2.44,2.44,2.43,2.37,2.43,2.39,2.35,2.34,2.29,2.32,2.41,2.3,2.33,2.47,2.61,2.41,2.41,2.44,2.36,2.4,2.29,2.23,2.21,2.24,2.18,2.06,2.35,2.32,2.3,2.18,2.21,2.36,2.36,2.08,2.08,2.07,2.03,2,2.04,2.38,2.25,2.21,2.16,2.16,2.2,2.2,2.32,2.32,2.24,2.38,2.42,2.35,2.41,2.39,2.34,2.23,2.01,2,1.88,1.88,1.8,1.78,1.87,2.05,1.99,2.05,1.97,1.95,1.98,1.8,2.04,2.06,1.96,1.94,2.01,2.22,2.2,2.05,1.94,1.9,1.9,1.91,1.84,1.91,1.87,1.91,1.93,1.91,2.04,2.01,1.9,1.83,1.93,2.05,2.02,2.02,1.95
Watermelon (Per Kilogram),1.86,1.86,1.8,1.68,1.72,1.75,1.76,1.67,1.6,1.72,1.83,1.91,1.89,1.82,1.82,1.76,1.85,1.8,1.87,1.8,1.79,1.94,1.95,1.88,1.79,1.81,1.78,1.84,1.8,1.81,1.9,1.92,2,2.05,1.91,1.84,1.83,1.57,1.74,1.67,1.67,1.76,1.69,1.57,1.54,1.48,1.57,1.6,1.5,1.47,1.4,1.31,1.71,1.81,1.63,1.47,1.54,1.52,1.61,1.62,1.33,1.4,1.64,1.68,1.62,1.8,1.75,1.41,1.28,1.55,1.81,1.82,1.68,1.61,1.56,1.65,1.66,1.57,1.56,1.58,1.57,1.61,1.6,1.59,1.74,1.76,1.76,1.81,1.79,1.6,1.58,1.54,1.56,1.55,1.62,1.53,1.56,1.59,1.63,1.64,1.56,1.54,1.53,1.48,1.48,1.52,1.57,1.54,1.51,1.43,1.49,1.59,1.62,1.6,1.54,1.53,1.53,1.4,1.43,1.54,1.4,1.41,1.55,1.67,1.64,1.61,1.58,1.56,1.66,1.63,1.83,1.79
Grapes (Per Kilogram),17.73,16.07,17.08,16.64,16.23,15.58,14.3,14.19,16.28,14.2,16.82,17.45,14.45,15.53,15.74,17.06,14.23,14.89,12.1,13.24,15.37,14.71,16.95,16.4,18.02,16.73,15.62,16.35,14.9,13.69,13.2,12.89,13.63,14.22,13.65,14.28,15.98,15.72,15.88,17.58,15.66,13.87,11.34,11.76,12.28,12.31,12.4,12.46,14.47,14.45,15.73,15.73,15.03,11.37,11.06,11.37,11.24,11.07,11.58,11.54,11.62,12.24,12.47,11.62,10.37,10.86,11.39,11.39,10.44,10.55,10.61,10.63,10.81,10.83,11.05,10.63,10.45,9.68,9.85,9.91,9.85,9.85,9.89,9.85,10.17,10.3,10.12,10.35,9.7,9.68,9.73,10.15,9.72,9.59,9.54,9.64,10.1,10.38,10,9.65,9.62,9.41,9.75,9.76,9.57,9.38,9.22,9.43,9.48,9.37,9.32,9.03,9.02,9.26,9.36,9.28,9.21,9.44,9.18,9.17,9.41,9.09,9.06,9.21,9.17,9,9.02,9.12,9.34,9.47,9.54,9.55
Orange (Each),0.63,0.63,0.65,0.66,0.65,0.7,0.68,0.67,0.68,0.64,0.58,0.59,0.64,0.61,0.62,0.61,0.65,0.66,0.62,0.58,0.67,0.76,0.76,0.74,0.64,0.63,0.63,0.64,0.67,0.69,0.65,0.65,0.65,0.66,0.69,0.73,0.69,0.71,0.66,0.66,0.68,0.71,0.73,0.72,0.69,0.64,0.63,0.6,0.63,0.6,0.64,0.64,0.61,0.61,0.61,0.62,0.59,0.58,0.59,0.58,0.58,0.61,0.61,0.59,0.57,0.56,0.6,0.59,0.6,0.58,0.58,0.58,0.58,0.59,0.58,0.56,0.55,0.54,0.57,0.57,0.56,0.55,0.56,0.54,0.41,0.43,0.45,0.45,0.46,0.45,0.45,0.45,0.45,0.44,0.42,0.42,0.42,0.42,0.43,0.44,0.46,0.46,0.47,0.46,0.45,0.41,0.41,0.42,0.43,0.43,0.43,0.44,0.43,0.44,0.44,0.44,0.43,0.41,0.41,0.41,0.41,0.43,0.44,0.4,0.39,0.39,0.38,0.37,0.37,0.36,0.36,0.36
Apple (Each),0.56,0.57,0.56,0.56,0.57,0.57,0.57,0.61,0.54,0.55,0.52,0.52,0.54,0.53,0.52,0.51,0.5,0.52,0.52,0.5,0.49,0.52,0.53,0.49,0.47,0.48,0.49,0.48,0.49,0.49,0.49,0.49,0.48,0.48,0.48,0.48,0.47,0.47,0.48,0.47,0.47,0.47,0.47,0.47,0.46,0.45,0.47,0.46,0.47,0.45,0.45,0.45,0.45,0.45,0.44,0.45,0.45,0.44,0.44,0.43,0.43,0.43,0.43,0.43,0.43,0.43,0.43,0.43,0.43,0.43,0.43,0.43,0.44,0.43,0.43,0.43,0.43,0.42,0.43,0.42,0.43,0.42,0.42,0.43,0.44,0.45,0.44,0.43,0.43,0.44,0.44,0.43,0.43,0.42,0.43,0.43,0.43,0.44,0.42,0.42,0.42,0.41,0.42,0.43,0.42,0.42,0.43,0.43,0.43,0.43,0.43,0.43,0.43,0.44,0.44,0.43,0.43,0.43,0.44,0.44,0.44,0.44,0.44,0.45,0.45,0.46,0.46,0.45,0.44,0.45,0.45,0.45
Broccoli (Per Kilogram),6.18,6.93,6.69,6.84,6.64,7.13,6.39,6.34,6.45,6.51,6.81,6.62,6.47,6.52,6.47,6.42,6.59,6.39,6.14,6.16,6.35,6.18,6.01,5.83,6,6.1,5.74,5.82,5.67,5.84,5.88,6.01,6.05,6.27,6.53,6.99,6.93,6.63,6.64,6.69,7.39,7.43,7.11,6.59,6.66,6.98,6.85,7.14,7.17,6.71,5.88,5.87,5.88,6.01,6.42,6.06,5.94,6.47,6.76,5.82,5.58,5.75,5.58,5.45,5.7,5.74,5.69,5.47,6.04,5.61,5.94,5.89,6.17,5.85,5.4,5.18,5.31,5.22,5.26,5.97,6.23,5.64,5.59,5.48,5.48,5.49,5.18,5.35,5.38,5.45,5.58,5.77,5.8,6.22,5.88,6.57,6.69,6.75,5.78,5.84,6.02,5.81,5.55,6.25,6.07,6.31,6.14,5.89,6.04,5.97,6.16,5.87,6.08,6.64,6.63,6.24,6.87,6.85,6.11,6.25,5.78,5.78,5.55,5.53,5.78,5.51,5.53,5.96,6.41,6.52,6.15,6.26
Cabbage (Per Kilogram),2.95,2.8,2.76,2.73,2.66,2.63,2.69,2.69,2.7,2.74,2.84,2.86,2.89,2.82,2.8,2.78,2.77,2.86,2.9,2.61,2.49,2.64,2.66,2.69,2.99,3,2.88,2.86,2.87,2.93,2.88,2.87,2.87,2.91,2.94,2.91,2.85,2.85,2.93,2.97,2.96,2.85,2.79,2.83,2.72,2.77,2.85,2.88,2.84,2.88,2.72,2.7,2.66,2.7,2.68,2.61,2.63,2.78,2.84,2.5,2.45,2.42,2.38,2.32,2.27,2.25,2.23,2.21,2.41,2.42,2.32,2.34,2.32,2.3,2.28,2.32,2.36,2.33,2.38,2.38,2.29,2.26,2.27,2.23,2.16,2.19,2.27,2.3,2.24,2.24,2.21,2.2,2.18,2.23,2.25,2.26,2.28,2.28,2.28,2.26,2.19,2.19,2.21,2.13,2.12,2.2,2.38,2.48,2.38,2.2,2.15,2.18,2.24,2.25,2.26,2.32,2.38,2.37,2.33,2.11,2.11,2.08,2.14,2.11,2.13,2.13,2.11,2.03,2.04,2.08,2.09,2.06
Chinese Kale (Kailan) (Per Kilogram),5.49,5.5,5.35,5.56,5.41,5.36,5.34,5.39,5.3,5.38,5.44,5.53,5.52,4.97,5.07,5.08,4.94,4.83,5,4.96,4.84,5.28,5.2,4.9,5.02,4.95,4.92,4.98,5.03,5.07,5.18,5.27,5.13,5.28,5.47,5.53,5.35,5.33,5.33,5.35,5.35,5.34,5.22,5.38,5.32,5.42,5.29,5.35,5.48,5.35,5.26,5.25,5.2,5.17,5.2,5.18,5.25,5.2,5.13,5.25,5.19,5.24,5.28,5.17,5.11,5.17,5.15,5.21,5.22,5.2,5.26,5.05,5.07,5.04,5.05,5.03,5.05,5.06,5.07,5.09,5.05,5.04,5.03,4.98,5.37,5.55,5.46,5.52,5.39,5.55,5.46,5.54,5.61,5.79,5.5,5.73,5.73,5.87,5.79,5.83,5.56,5.8,5.86,5.71,5.68,5.91,5.93,6.13,6.14,6.02,5.79,5.67,5.72,5.77,5.87,6.07,5.93,6.04,6.17,5.51,5.28,5.16,5.16,5.07,5.27,5.13,5.05,5.19,5.16,5.15,5.11,5.26
Small Mustard (Chye Sim) (Per Kilogram),4.14,4.42,4.11,4.08,4.11,4.28,4.42,4.6,4.56,4.51,4.91,5.1,4.82,4.9,4.61,4.35,4.22,4.03,4.17,4.27,4.16,4.31,4.56,4.77,4.68,4.7,4.48,4.52,4.67,4.62,4.6,4.52,4.45,4.57,4.76,4.46,4.6,4.39,4.42,4.5,4.35,4.27,4.4,4.39,4.35,4.43,4.29,4.37,4.35,4.6,4.49,4.52,4.18,4.16,4.16,4.07,4.19,3.73,3.88,4.26,4.1,4.07,3.97,4.02,3.95,4.15,4.05,4.03,3.86,3.83,3.91,3.85,3.93,3.86,3.84,3.69,3.75,3.94,3.97,4.01,3.68,3.54,3.59,3.4,3.52,3.56,3.41,3.44,3.32,3.53,3.5,3.57,3.43,3.26,3.21,3.75,3.37,3.43,3.38,3.35,3.21,3.24,3.46,3.32,3.24,3.2,3.41,3.38,3.5,3.34,3.05,3.16,3.33,3.38,3.49,3.58,3.17,3.12,3.43,3.32,3.24,3.05,3.04,3.08,3.25,3.01,3.32,3.34,3.31,2.96,3.07,3.46
Tomatoes (Per Kilogram),2.95,2.56,2.43,2.55,2.43,2.59,2.46,2.61,2.86,3.14,3.21,3.48,2.77,2.46,2.55,2.44,2.7,3.22,2.91,2.31,2.53,3.01,3.33,3.17,2.91,2.91,2.95,2.97,2.96,2.93,2.57,2.47,2.81,3.29,3.43,3.08,2.66,2.48,2.59,2.67,2.77,2.82,2.73,2.59,2.68,2.92,3.19,3.28,2.93,2.76,2.84,2.98,3,3.05,2.83,2.48,2.59,3.2,3.21,2.98,2.71,2.67,2.61,2.68,3.05,3.24,2.68,2.67,2.37,2.25,2.38,2.27,2.07,2.08,2.07,2.2,2.23,2.22,2.08,1.88,2.06,2.3,2.68,2.49,2.43,2.23,2.08,2.19,2.16,2.06,1.97,1.9,2.11,2.61,2.72,2.5,2.09,2.24,2.25,2.31,2.33,2.34,2.23,2.19,2.27,2.35,2.41,2.21,2.13,2.18,2.26,2.3,2.35,2.4,2.34,2.07,2.24,2.2,2.21,2.3,2.37,2.35,2.38,2.39,2.41,2.56,2.09,1.87,1.78,2.45,3.08,2.72
Potatoes (Per Kilogram),2.94,3.02,3.04,3.07,2.87,2.9,2.91,2.94,2.95,2.96,2.88,2.85,2.76,2.84,2.86,2.83,2.88,2.87,2.84,2.9,2.81,2.72,2.64,2.66,2.58,2.59,2.63,2.61,2.62,2.57,2.64,2.65,2.66,2.69,2.7,2.7,2.72,2.7,2.68,2.69,2.65,2.62,2.64,2.64,2.64,2.67,2.67,2.7,2.61,2.63,2.64,2.64,2.7,2.69,2.59,2.66,2.66,2.64,2.64,2.54,2.53,2.47,2.46,2.44,2.41,2.42,2.43,2.43,2.35,2.34,2.33,2.29,2.27,2.27,2.27,2.23,2.23,2.23,2.26,2.26,2.28,2.27,2.27,2.27,2.25,2.26,2.26,2.27,2.27,2.24,2.25,2.24,2.17,2.17,2.18,2.23,2.23,2.23,2.24,2.24,2.19,2.18,2.19,2.16,2.13,2.15,2.13,2.13,2.12,2.16,2.15,2.15,2.11,2.07,2.05,2,2,2.01,2.02,2.05,2.04,1.99,2,2.03,1.97,1.96,1.96,1.95,1.94,1.98,2,1.97
Carrots (Per Kilogram),2.26,2.25,2.23,2.25,2.21,2.17,2.16,2.23,2.19,2.22,2.11,2.1,2.07,2.14,2.16,2.08,2.12,2.09,2.12,2.21,2.07,2.14,2.24,2.13,2.05,2.05,2.05,2.06,2.04,2.01,2.01,2.09,2.05,2.05,2.07,2.03,2.11,2.07,2.05,2.01,2.04,2.08,1.94,1.92,2.02,2.04,2.08,2.05,2.07,2.03,2.04,2.03,2.03,2.02,2.02,2.01,2.01,1.99,2.04,2.04,2.04,2.04,2.03,2.04,1.99,2.08,2.01,2.03,2.08,2.04,2.01,2.01,1.98,1.98,2.09,2.11,2.1,2.11,2.1,2.1,2.06,2.09,2.11,2.09,2.16,2.15,2.15,2.18,2.18,2.17,2.18,2.14,2.13,2.17,2.17,2.17,2.1,2.1,2.16,2.18,2.14,2.15,2.16,2.17,2.14,2.19,2.23,2.19,2.13,2.12,2.11,2.12,2.15,2.16,2.17,2.18,2.11,2.14,2.12,2.11,2.1,2.11,2.14,2.12,2.09,2.05,2.02,2.05,2.05,2.06,2.05,2.02
Small Onions (Per Kilogram),5.59,5.64,5.64,5.68,5.89,5.74,5.64,5.78,5.76,5.68,5.69,5.77,5.85,6.47,6.47,6.52,6.42,6.46,6.47,6.5,6.49,6.56,6.49,6.6,na,na,na,na,na,na,na,na,na,na,na,na,na,na,na,na,na,na,na,na,na,na,na,na,na,na,na,na,na,na,na,na,na,na,na,na,na,na,na,na,na,na,na,na,na,na,na,na,na,na,na,na,na,na,na,na,na,na,na,na,na,na,na,na,na,na,na,na,na,na,na,na,na,na,na,na,na,na,na,na,na,na,na,na,na,na,na,na,na,na,na,na,na,na,na,na,na,na,na,na,na,na,na,na,na,na,na,na
Old Ginger (Per Kilogram),5.67,6.83,6.75,6.76,6.77,6.87,6.93,6.95,6.94,6.77,7.05,7.04,7.01,6.56,6.58,6.75,6.73,6.78,6.78,6.8,6.71,6.2,6.9,7.67,na,na,na,na,na,na,na,na,na,na,na,na,na,na,na,na,na,na,na,na,na,na,na,na,na,na,na,na,na,na,na,na,na,na,na,na,na,na,na,na,na,na,na,na,na,na,na,na,na,na,na,na,na,na,na,na,na,na,na,na,na,na,na,na,na,na,na,na,na,na,na,na,na,na,na,na,na,na,na,na,na,na,na,na,na,na,na,na,na,na,na,na,na,na,na,na,na,na,na,na,na,na,na,na,na,na,na,na
Light Soy Sauce (640 Ml),2.51,2.66,2.55,2.6,2.6,2.66,2.72,2.73,2.72,2.77,2.64,2.65,2.71,2.69,2.7,2.66,2.22,2.27,2.51,2.51,2.54,2.69,2.53,2.48,na,na,na,na,na,na,na,na,na,na,na,na,na,na,na,na,na,na,na,na,na,na,na,na,na,na,na,na,na,na,na,na,na,na,na,na,na,na,na,na,na,na,na,na,na,na,na,na,na,na,na,na,na,na,na,na,na,na,na,na,na,na,na,na,na,na,na,na,na,na,na,na,na,na,na,na,na,na,na,na,na,na,na,na,na,na,na,na,na,na,na,na,na,na,na,na,na,na,na,na,na,na,na,na,na,na,na,na
White Sugar (Per 2 Kilogram),3.49,3.49,3.45,3.47,3.5,3.42,3.42,3.5,3.51,3.65,3.66,3.66,3.66,3.66,3.65,3.63,3.66,3.65,3.66,3.45,3.45,3.45,3.45,3.45,3.42,3.42,3.4,3.39,3.39,3.39,3.38,3.39,3.36,3.35,3.35,3.34,3.33,3.31,3.18,3.12,3.11,3.12,3.12,3.11,3.12,3.11,3.12,3.11,3.11,3.12,3.08,3.09,3.09,3.08,3.09,3.09,3.03,3.04,3.03,3.04,3.03,3.04,3.04,3.02,3.02,3.03,3.12,3.12,3.16,3.16,3.12,3.1,3.05,3.08,3.11,3.1,3.02,3.04,3.01,2.94,3.14,3.14,2.94,2.98,3.11,3.14,3.14,3.11,3.08,3.29,3.3,3.27,3.32,3.32,3.25,3.26,3.32,3.32,3.27,3.22,3.21,3.11,3.12,3.08,3.2,3.19,3.12,3.05,3,3.11,3.11,3.1,2.97,3.01,3.14,3.17,3.17,3.17,3.05,3.04,3.1,3.1,3.09,2.97,2.92,2.98,3.24,3.22,3.2,3.27,3.21,3.21
Instant Coffee (Per 200 Gram),12.1,12.37,11.94,11.82,11.73,11.37,11.38,11.55,11.44,11.3,11.18,10.44,11.1,11.14,11.17,11.24,11.22,11.25,11.11,11.22,11.24,11.29,10.83,10.97,10.56,10.51,10.54,10.54,10.48,10.41,10.35,10.44,10.59,10.54,10.51,10.36,10.55,10.53,10.55,10.57,10.55,10.43,10.51,10.56,10.54,10.4,10.22,10.21,10.22,10.23,10.17,10.15,10.15,10.14,10.14,10.15,10.16,10.16,10.17,10.17,10.17,10.17,10.17,10.17,10.17,10.17,10.23,10.21,10.21,10.21,10.14,10.22,10.24,10.24,10.3,10.25,10.18,10.18,10.2,10.01,10.1,10.13,10.24,10.12,9.91,10.17,10.23,10.17,10.26,10.25,9.89,10.21,10.14,10.38,9.77,10.03,10.04,10.01,10.37,10.39,10.18,10.52,10.43,10.52,10.44,10.38,10.46,10.34,10.15,10.45,10.45,10.13,10.29,10.34,10.04,10.2,10.42,10.44,10.11,10.29,10.12,10.28,10.29,10.26,10.06,10.18,9.6,10.16,10.18,10.11,10.12,9.93
Aerated Soft Drinks (Per 4 Cans),3.56,3.65,3.68,3.71,3.7,3.69,3.67,3.59,3.61,3.71,3.68,3.72,3.63,3.72,3.74,3.76,3.7,3.57,3.66,3.75,3.73,3.69,3.61,3.58,3.34,3.21,3.36,3.33,3.35,3.3,3.29,3.26,3.22,3.2,3.19,3.22,3.22,3.15,3.2,3.21,3.13,3.09,3.12,3.07,3.07,3.02,3,3.02,3,3.01,2.96,3.02,3.01,3,2.93,2.91,2.92,2.92,2.93,2.94,2.93,2.94,2.94,2.94,2.95,2.92,2.96,2.87,2.92,2.88,2.92,2.73,2.71,2.73,2.88,2.75,2.75,2.77,2.74,2.74,2.74,2.71,2.75,2.73,2.67,2.67,2.61,2.61,2.61,2.61,2.61,2.61,2.61,2.61,2.61,2.61,2.61,2.64,2.61,2.59,2.59,2.58,2.51,2.57,2.59,2.59,2.59,2.59,2.59,2.59,2.58,2.57,2.57,2.57,2.57,2.57,2.57,2.57,2.57,2.57,2.57,2.57,2.57,2.57,2.57,2.57,2.57,2.57,2.57,2.5,2.5,2.5
Non-Aerated Soft Drinks (Per 6 Packets),2.85,2.83,2.85,2.87,2.8,2.87,2.93,2.86,2.99,2.83,2.9,2.59,3.09,3.13,3.15,3.15,3.04,3.14,3.25,3.01,2.81,2.89,2.61,2.69,3.06,3.15,3.13,3,2.99,2.99,3.14,3.08,2.9,3.06,3.07,2.92,3.11,3.01,2.99,2.97,2.97,2.95,2.97,2.9,2.75,2.76,2.7,2.65,2.69,2.68,2.65,2.67,2.65,2.66,2.6,2.66,2.67,2.57,2.49,2.56,2.59,2.59,2.65,2.63,2.64,2.68,2.7,2.67,2.61,2.56,2.34,2.04,2.44,2.48,2.49,2.48,2.46,2.57,2.49,2.43,2.39,2.36,1.92,2.21,2.44,2.42,2.48,2.48,2.39,2.45,2.38,2.44,2.42,2.38,2.02,2.17,2.39,2.46,2.33,2.34,2.33,2.4,2.36,2.32,2.32,2.41,2.19,2.13,2.42,2.41,2.38,2.39,2.45,2.44,2.4,2.4,2.45,2.46,2.32,2.35,2.49,2.42,2.5,2.43,2.42,2.46,2.51,2.52,2.49,2.44,2.39,2.42
Beer (Per 6 Cans),15.38,15.19,14.89,15.42,15.43,15.56,15.61,15.6,15.91,15.93,15.88,15.67,15.88,15.91,15.93,14.71,14.59,15.11,15.19,15.09,15.18,15.35,15.49,15.36,16.16,16.68,16.98,16.46,16.79,17.03,16.81,16.98,16.74,16.3,16.31,16.1,16.18,16.12,16.15,15.97,15.86,15.97,16.3,15.86,15.87,15.57,15.42,15.05,15.31,15.56,15.47,15.43,15.45,15.38,15.48,15.5,15.39,15.45,15.15,15.28,15.55,15.45,15.72,15.19,15.55,15.8,15.41,15.88,15.7,15.56,15.6,15.9,16.16,16.12,16.16,16.24,16.24,16.03,16.14,16.07,16.05,16.27,16.25,16.12,16.25,16.1,16.69,16.28,16.21,16.49,16.43,16.28,16.49,16.15,16.24,16.25,16.28,16.69,16.78,16.6,16.56,16.48,16.92,16.96,16.96,16.76,17.18,17.16,17.24,17.27,17.21,17.12,17.15,17.22,17.26,17.26,17.16,17.5,17.45,17.54,17.49,17.32,17.27,17.44,17.52,17.44,17.45,17.51,17.51,17.51,17.54,17.53
Cigarettes (Per Pack),15.46,15.46,15.46,15.46,15.46,15.46,15.46,15.46,15.46,15.32,15.04,15.04,15.04,15.04,15.04,15.04,15.04,15.04,15.04,15.04,15.04,15.04,15.04,15.04,15.05,15.05,15.05,15.05,15.05,15.05,15.05,15.05,15.05,15.05,14.3,13.64,13.27,13.27,13.27,13.27,13.27,13.27,13.27,13.27,13.27,13.27,13.06,13.06,13.06,13.06,13.06,13.06,13.06,13.06,13.06,13.06,13.06,13.06,13.06,13.06,13.06,13.06,13.06,13.06,13.06,13.06,13.06,13.06,13.06,13.06,13.06,13.06,13.06,13.06,13.06,13.06,13.06,13.06,13.09,13.09,13.09,13.09,13.08,13.11,13.18,13.18,13.18,13.18,13.18,13.18,13.18,13.2,13.2,13.21,12.3,12.12,12.12,12.12,12.12,12.12,12.12,12.12,12.12,12.12,12.12,12.1,12.06,12.06,12.06,12.06,12.06,12.06,12.06,12.06,12.06,12.06,12.03,11.99,11.99,11.99,11.99,11.99,11.99,11.99,11.99,11.99,11.99,11.99,11.99,11.99,11.99,11.99
Coffee/Tea Without Milk (Per Cup),1.22,1.22,1.22,1.22,1.11,1.12,1.12,1.22,1.22,1.22,1.22,1.21,1.21,1.21,1.21,1.21,1.21,1.21,1.21,1.21,1.21,1.21,1.2,1.2,1.24,1.24,1.24,1.24,1.23,1.23,1.22,1.22,1.21,1.2,1.19,1.17,1.16,1.16,1.16,1.16,1.15,1.16,1.15,1.15,1.13,1.14,1.11,1.09,1.08,1.08,1.08,1.08,1.08,1.08,1.08,1.08,1.08,1.07,1.07,1.07,1.07,1.07,1.07,1.07,1.07,1.07,1.07,1.07,1.07,1.07,1.06,1.06,1.06,1.06,1.06,1.06,1.06,1.06,1.06,1.06,1.06,1.06,1.05,1.05,1.05,1.04,1.05,1.05,1.04,1.04,1.04,1.04,1.04,1.04,1.04,1.04,1.04,1.04,1.04,1.04,1.03,1.03,1.03,1.03,1.03,1.02,1.02,1.02,1.01,1.01,1.01,1.01,1.01,1.01,1,1,1,1,0.99,0.98,0.98,0.98,0.98,0.98,0.98,0.98,0.98,0.98,0.98,0.98,0.98,0.98
Coffee/Tea With Condensed Milk (Per Cup),1.41,1.4,1.4,1.4,1.38,1.39,1.39,1.39,1.39,1.39,1.38,1.38,1.38,1.38,1.38,1.38,1.38,1.38,1.38,1.37,1.37,1.37,1.36,1.36,1.37,1.37,1.37,1.36,1.35,1.35,1.34,1.34,1.33,1.32,1.31,1.28,1.27,1.27,1.27,1.27,1.27,1.27,1.26,1.26,1.25,1.24,1.22,1.21,1.2,1.2,1.19,1.19,1.19,1.19,1.19,1.19,1.19,1.18,1.18,1.18,1.18,1.18,1.17,1.17,1.17,1.17,1.17,1.17,1.17,1.17,1.17,1.17,1.17,1.17,1.17,1.17,1.17,1.17,1.17,1.17,1.17,1.16,1.16,1.16,1.16,1.15,1.16,1.16,1.15,1.15,1.15,1.15,1.15,1.15,1.15,1.15,1.15,1.15,1.15,1.15,1.15,1.15,1.14,1.14,1.14,1.13,1.13,1.13,1.12,1.12,1.12,1.12,1.12,1.12,1.11,1.11,1.1,1.1,1.1,1.09,1.09,1.09,1.09,1.09,1.09,1.09,1.09,1.09,1.09,1.09,1.09,1.09
Milo With Condensed Milk (Per Cup),1.61,1.61,1.6,1.6,1.6,1.59,1.59,1.59,1.59,1.59,1.59,1.59,1.58,1.58,1.58,1.58,1.58,1.58,1.58,1.58,1.57,1.57,1.56,1.56,na,na,na,na,na,na,na,na,na,na,na,na,na,na,na,na,na,na,na,na,na,na,na,na,na,na,na,na,na,na,na,na,na,na,na,na,na,na,na,na,na,na,na,na,na,na,na,na,na,na,na,na,na,na,na,na,na,na,na,na,na,na,na,na,na,na,na,na,na,na,na,na,na,na,na,na,na,na,na,na,na,na,na,na,na,na,na,na,na,na,na,na,na,na,na,na,na,na,na,na,na,na,na,na,na,na,na,na
Canned Drink With Ice (Per Can),1.78,1.77,1.77,1.77,1.77,1.76,1.76,1.76,1.76,1.75,1.75,1.75,1.75,1.75,1.75,1.74,1.74,1.74,1.74,1.74,1.74,1.73,1.73,1.73,na,na,na,na,na,na,na,na,na,na,na,na,na,na,na,na,na,na,na,na,na,na,na,na,na,na,na,na,na,na,na,na,na,na,na,na,na,na,na,na,na,na,na,na,na,na,na,na,na,na,na,na,na,na,na,na,na,na,na,na,na,na,na,na,na,na,na,na,na,na,na,na,na,na,na,na,na,na,na,na,na,na,na,na,na,na,na,na,na,na,na,na,na,na,na,na,na,na,na,na,na,na,na,na,na,na,na,na
Fishball Noodles (Per Bowl),4.32,4.32,4.31,4.3,4.3,4.28,4.27,4.26,4.24,4.24,4.23,4.21,4.21,4.2,4.2,4.18,4.17,4.17,4.17,4.17,4.17,4.17,4.17,4.15,4.17,4.18,4.18,4.18,4.18,4.17,4.15,4.14,4.11,4.06,4.04,3.96,3.94,3.9,3.85,3.83,3.8,3.77,3.77,3.74,3.72,3.67,3.64,3.63,3.62,3.59,3.59,3.56,3.54,3.54,3.56,3.54,3.54,3.55,3.55,3.54,3.54,3.54,3.54,3.53,3.5,3.49,3.49,3.49,3.49,3.49,3.47,3.47,3.47,3.47,3.47,3.47,3.46,3.46,3.46,3.45,3.45,3.45,3.42,3.43,3.41,3.41,3.41,3.39,3.39,3.39,3.39,3.36,3.36,3.36,3.33,3.33,3.33,3.33,3.33,3.32,3.32,3.3,3.3,3.3,3.3,3.3,3.3,3.3,3.29,3.28,3.28,3.28,3.28,3.27,3.27,3.25,3.25,3.25,3.24,3.23,3.23,3.23,3.23,3.23,3.22,3.21,3.21,3.21,3.21,3.18,3.18,3.18
Mee Rebus (Per Bowl),4.06,4.04,4.04,4.03,4.02,4.01,4,3.99,3.99,3.96,3.94,3.93,3.93,3.93,3.92,3.89,3.89,3.89,3.89,3.89,3.89,3.89,3.88,3.87,3.83,3.83,3.83,3.83,3.83,3.8,3.8,3.8,3.79,3.76,3.73,3.7,3.67,3.63,3.63,3.63,3.63,3.6,3.58,3.53,3.47,3.44,3.4,3.37,3.35,3.33,3.33,3.3,3.34,3.32,3.32,3.32,3.32,3.3,3.3,3.3,3.3,3.3,3.3,3.3,3.3,3.3,3.3,3.3,3.29,3.29,3.29,3.29,3.29,3.29,3.29,3.29,3.29,3.29,3.23,3.23,3.22,3.22,3.22,3.22,3.23,3.23,3.23,3.23,3.23,3.23,3.23,3.22,3.21,3.2,3.19,3.19,3.19,3.19,3.19,3.19,3.17,3.16,3.16,3.16,3.16,3.15,3.13,3.11,3.1,3.1,3.1,3.08,3.08,3.08,3.07,3.06,3.06,3.06,3.05,3.05,3.03,3.03,3.03,3.03,3.02,3.02,3.02,3.01,3,3,2.99,2.99
Mee Siam (Per Bowl),3.92,3.91,3.91,3.9,3.89,3.89,3.87,3.87,3.87,3.85,3.85,3.84,3.84,3.83,3.83,3.8,3.8,3.8,3.8,3.8,3.8,3.8,3.78,3.77,na,na,na,na,na,na,na,na,na,na,na,na,na,na,na,na,na,na,na,na,na,na,na,na,na,na,na,na,na,na,na,na,na,na,na,na,na,na,na,na,na,na,na,na,na,na,na,na,na,na,na,na,na,na,na,na,na,na,na,na,na,na,na,na,na,na,na,na,na,na,na,na,na,na,na,na,na,na,na,na,na,na,na,na,na,na,na,na,na,na,na,na,na,na,na,na,na,na,na,na,na,na,na,na,na,na,na,na
Char Kway Teow (Per Plate),4.66,4.66,4.64,4.64,4.63,4.62,4.61,4.61,4.6,4.59,4.59,4.58,4.58,4.58,4.58,4.57,4.57,4.57,4.57,4.57,4.57,4.56,4.55,4.53,na,na,na,na,na,na,na,na,na,na,na,na,na,na,na,na,na,na,na,na,na,na,na,na,na,na,na,na,na,na,na,na,na,na,na,na,na,na,na,na,na,na,na,na,na,na,na,na,na,na,na,na,na,na,na,na,na,na,na,na,na,na,na,na,na,na,na,na,na,na,na,na,na,na,na,na,na,na,na,na,na,na,na,na,na,na,na,na,na,na,na,na,na,na,na,na,na,na,na,na,na,na,na,na,na,na,na,na
Sliced Fish Bee Hoon (Per Bowl),5.85,5.85,5.83,5.84,5.82,5.82,5.82,5.79,5.78,5.76,5.76,5.75,5.75,5.73,5.73,5.73,5.72,5.72,5.71,5.71,5.71,5.7,5.68,5.66,na,na,na,na,na,na,na,na,na,na,na,na,na,na,na,na,na,na,na,na,na,na,na,na,na,na,na,na,na,na,na,na,na,na,na,na,na,na,na,na,na,na,na,na,na,na,na,na,na,na,na,na,na,na,na,na,na,na,na,na,na,na,na,na,na,na,na,na,na,na,na,na,na,na,na,na,na,na,na,na,na,na,na,na,na,na,na,na,na,na,na,na,na,na,na,na,na,na,na,na,na,na,na,na,na,na,na,na
Wanton Noodles (Per Plate),4.49,4.48,4.49,4.49,4.48,4.47,4.47,4.46,4.46,4.45,4.44,4.44,4.44,4.44,4.45,4.4,4.4,4.4,4.4,4.39,4.39,4.39,4.38,4.37,na,na,na,na,na,na,na,na,na,na,na,na,na,na,na,na,na,na,na,na,na,na,na,na,na,na,na,na,na,na,na,na,na,na,na,na,na,na,na,na,na,na,na,na,na,na,na,na,na,na,na,na,na,na,na,na,na,na,na,na,na,na,na,na,na,na,na,na,na,na,na,na,na,na,na,na,na,na,na,na,na,na,na,na,na,na,na,na,na,na,na,na,na,na,na,na,na,na,na,na,na,na,na,na,na,na,na,na
Char Siew Rice (Per Plate),4.15,4.15,4.16,4.15,4.15,4.15,4.14,4.11,4.12,4.12,4.11,4.1,4.08,4.08,4.08,4.05,4.03,4.03,4.03,4.03,4.03,4.02,4.01,4.01,na,na,na,na,na,na,na,na,na,na,na,na,na,na,na,na,na,na,na,na,na,na,na,na,na,na,na,na,na,na,na,na,na,na,na,na,na,na,na,na,na,na,na,na,na,na,na,na,na,na,na,na,na,na,na,na,na,na,na,na,na,na,na,na,na,na,na,na,na,na,na,na,na,na,na,na,na,na,na,na,na,na,na,na,na,na,na,na,na,na,na,na,na,na,na,na,na,na,na,na,na,na,na,na,na,na,na,na
Chicken Rice (Per Plate),4.14,4.14,4.15,4.15,4.16,4.15,4.14,4.12,4.12,4.12,4.12,4.11,4.11,4.1,4.11,4.09,4.08,4.08,4.08,4.08,4.08,4.07,4.07,4.06,4.17,4.17,4.17,4.15,4.18,4.18,4.16,4.15,4.13,4.13,4.09,4.08,4.08,4.06,4.03,4.03,3.95,3.93,3.84,3.77,3.72,3.67,3.63,3.59,3.57,3.57,3.56,3.57,3.57,3.55,3.54,3.53,3.53,3.52,3.51,3.51,3.5,3.49,3.49,3.47,3.47,3.47,3.46,3.46,3.46,3.46,3.46,3.44,3.44,3.42,3.42,3.42,3.42,3.4,3.39,3.39,3.39,3.36,3.36,3.38,3.37,3.38,3.38,3.38,3.39,3.37,3.37,3.36,3.35,3.33,3.33,3.3,3.3,3.3,3.3,3.3,3.3,3.3,3.3,3.3,3.29,3.29,3.27,3.27,3.27,3.27,3.27,3.27,3.26,3.26,3.25,3.25,3.24,3.24,3.24,3.22,3.22,3.22,3.22,3.22,3.21,3.21,3.21,3.21,3.21,3.2,3.2,3.19
Duck Rice (Per Plate),4.7,4.7,4.7,4.7,4.69,4.69,4.68,4.66,4.67,4.66,4.67,4.64,4.62,4.61,4.61,4.57,4.57,4.57,4.57,4.55,4.54,4.54,4.53,4.51,na,na,na,na,na,na,na,na,na,na,na,na,na,na,na,na,na,na,na,na,na,na,na,na,na,na,na,na,na,na,na,na,na,na,na,na,na,na,na,na,na,na,na,na,na,na,na,na,na,na,na,na,na,na,na,na,na,na,na,na,na,na,na,na,na,na,na,na,na,na,na,na,na,na,na,na,na,na,na,na,na,na,na,na,na,na,na,na,na,na,na,na,na,na,na,na,na,na,na,na,na,na,na,na,na,na,na,na
Chicken Nasi Briyani (Per Plate),6.96,6.96,6.96,6.95,6.94,6.93,6.91,6.89,6.89,6.88,6.88,6.86,6.84,6.84,6.84,6.83,6.82,6.8,6.81,6.79,6.79,6.78,6.77,6.76,6.55,6.54,6.57,6.57,6.52,6.52,6.52,6.52,6.49,6.5,6.46,6.46,6.42,6.4,6.4,6.39,6.32,6.26,6.17,6.11,6.1,6.08,6.04,5.99,5.95,5.92,5.8,5.8,5.8,5.8,5.77,5.77,5.77,5.72,5.73,5.69,5.67,5.67,5.67,5.64,5.64,5.66,5.66,5.66,5.63,5.63,5.63,5.6,5.6,5.6,5.59,5.6,5.58,5.57,5.57,5.57,5.57,5.56,5.56,5.56,5.56,5.6,5.58,5.58,5.58,5.57,5.57,5.58,5.57,5.52,5.52,5.52,5.52,5.52,5.5,5.55,5.55,5.55,5.55,5.49,5.47,5.47,5.47,5.42,5.4,5.38,5.35,5.35,5.33,5.33,5.33,5.33,5.29,5.31,5.24,5.22,5.22,5.22,5.2,5.17,5.17,5.16,5.18,5.17,5.16,5.16,5.16,5.16
Economical Rice (1 Meat & 2 Vegetables) (Per Plate),3.75,3.74,3.75,3.74,3.74,3.74,3.75,3.74,3.73,3.73,3.73,3.73,3.72,3.72,3.72,3.71,3.69,3.69,3.69,3.69,3.69,3.68,3.67,3.67,3.88,3.87,3.85,3.85,3.82,3.81,3.81,3.82,3.81,3.8,3.78,3.74,3.73,3.73,3.72,3.7,3.65,3.6,3.55,3.51,3.48,3.44,3.43,3.42,3.42,3.42,3.41,3.42,3.42,3.41,3.4,3.4,3.39,3.38,3.38,3.38,3.38,3.38,3.38,3.38,3.38,3.38,3.37,3.37,3.37,3.37,3.36,3.35,3.35,3.35,3.35,3.34,3.34,3.34,3.34,3.35,3.34,3.33,3.33,3.31,3.29,3.3,3.29,3.29,3.31,3.3,3.29,3.29,3.29,3.28,3.28,3.29,3.29,3.29,3.29,3.27,3.28,3.28,3.27,3.26,3.26,3.25,3.25,3.25,3.25,3.25,3.25,3.23,3.23,3.23,3.23,3.22,3.21,3.19,3.19,3.19,3.18,3.18,3.17,3.15,3.15,3.15,3.15,3.15,3.14,3.14,3.13,3.12
Saba Fish With Rice (Per Plate),6.32,6.22,6.22,6.22,6.22,6.17,6.19,6.18,6.18,6.18,6.18,6.18,6.16,6.16,6.16,6.09,6.09,6.09,6.09,6.09,6.09,6.09,6.05,6.05,na,na,na,na,na,na,na,na,na,na,na,na,na,na,na,na,na,na,na,na,na,na,na,na,na,na,na,na,na,na,na,na,na,na,na,na,na,na,na,na,na,na,na,na,na,na,na,na,na,na,na,na,na,na,na,na,na,na,na,na,na,na,na,na,na,na,na,na,na,na,na,na,na,na,na,na,na,na,na,na,na,na,na,na,na,na,na,na,na,na,na,na,na,na,na,na,na,na,na,na,na,na,na,na,na,na,na,na
Chicken Chop (Per Plate),7.84,7.83,7.84,7.83,7.82,7.81,7.79,7.79,7.76,7.76,7.76,7.75,7.75,7.74,7.74,7.7,7.69,7.69,7.69,7.67,7.66,7.66,7.66,7.65,na,na,na,na,na,na,na,na,na,na,na,na,na,na,na,na,na,na,na,na,na,na,na,na,na,na,na,na,na,na,na,na,na,na,na,na,na,na,na,na,na,na,na,na,na,na,na,na,na,na,na,na,na,na,na,na,na,na,na,na,na,na,na,na,na,na,na,na,na,na,na,na,na,na,na,na,na,na,na,na,na,na,na,na,na,na,na,na,na,na,na,na,na,na,na,na,na,na,na,na,na,na,na,na,na,na,na,na
Roti Prata (Plain) (Per Piece),1.27,1.27,1.27,1.27,1.27,1.27,1.27,1.27,1.26,1.26,1.26,1.26,1.26,1.26,1.26,1.25,1.25,1.25,1.25,1.25,1.25,1.25,1.24,1.24,1.28,1.28,1.28,1.27,1.26,1.27,1.28,1.28,1.28,1.27,1.26,1.26,1.26,1.24,1.23,1.23,1.22,1.22,1.21,1.18,1.18,1.17,1.13,1.13,1.12,1.12,1.12,1.12,1.12,1.12,1.12,1.12,1.11,1.11,1.11,1.11,1.11,1.11,1.11,1.1,1.1,1.1,1.1,1.11,1.11,1.11,1.1,1.1,1.09,1.09,1.09,1.09,1.09,1.09,1.09,1.09,1.09,1.09,1.08,1.09,1.09,1.08,1.08,1.08,1.08,1.08,1.07,1.07,1.07,1.06,1.06,1.06,1.06,1.05,1.05,1.05,1.05,1.05,1.05,1.05,1.05,1.04,1.04,1.04,1.03,1.02,1.03,1.03,1.03,1.02,1.02,1.02,1.02,1.02,1.01,1.01,1.01,1.01,1.01,1,1,1,1,1,0.99,0.99,0.99,0.99
Fried Carrot Cake (Per Plate),3.84,3.84,3.83,3.83,3.82,3.8,3.79,3.78,3.78,3.78,3.76,3.76,3.76,3.75,3.75,3.7,3.68,3.68,3.68,3.67,3.67,3.66,3.66,3.64,3.54,3.53,3.53,3.53,3.53,3.53,3.52,3.52,3.51,3.49,3.47,3.48,3.42,3.42,3.4,3.38,3.37,3.37,3.36,3.35,3.35,3.31,3.27,3.21,3.17,3.16,3.16,3.16,3.16,3.13,3.13,3.13,3.13,3.11,3.1,3.1,3.12,3.12,3.12,3.09,3.09,3.07,3.07,3.07,3.07,3.07,3.07,3.08,3.07,3.07,3.07,3.07,3.07,3.05,3.04,3.04,3.04,3.04,3.03,3.04,3.03,3.01,3.01,3.01,3.01,3.03,3.03,3.01,3.01,3,3,2.96,2.96,2.96,2.96,2.96,2.96,2.96,2.95,2.93,2.93,2.91,2.91,2.91,2.91,2.91,2.91,2.9,2.9,2.88,2.88,2.88,2.88,2.88,2.89,2.87,2.86,2.86,2.86,2.86,2.86,2.86,2.84,2.84,2.84,2.84,2.84,2.82
Ice Kachang (Per Bowl),2.7,2.7,2.68,2.68,2.68,2.67,2.65,2.63,2.59,2.58,2.57,2.57,2.57,2.57,2.57,2.57,2.56,2.56,2.56,2.55,2.54,2.54,2.53,2.53,2.49,2.49,2.49,2.47,2.47,2.47,2.47,2.43,2.4,2.38,2.38,2.37,2.33,2.33,2.33,2.33,2.31,2.3,2.29,2.27,2.26,2.23,2.21,2.16,2.16,2.15,2.15,2.15,2.15,2.15,2.15,2.15,2.15,2.11,2.11,2.1,2.08,2.08,2.08,2.08,2.07,2.07,2.07,2.07,2.07,2.07,2.06,2.06,2.05,2.05,2.04,2.04,2.03,2.03,2.02,2.02,2.02,2.02,2.02,2.02,1.99,1.99,1.99,1.99,1.99,1.99,1.99,1.99,1.98,1.97,1.97,1.97,1.97,1.97,1.97,1.97,1.97,1.97,1.97,1.96,1.96,1.96,1.96,1.95,1.95,1.95,1.94,1.94,1.94,1.94,1.93,1.93,1.92,1.92,1.89,1.89,1.89,1.9,1.9,1.9,1.9,1.9,1.9,1.89,1.89,1.9,1.9,1.9
Laundry Liquid Detergent (Per Kilogram),3.56,3.55,3.7,3.56,3.73,3.79,3.6,3.69,3.75,3.56,3.74,3.53,3.6,3.63,3.46,3.56,3.41,3.44,3.59,3.61,3.47,3.4,3.53,3.51,na,na,na,na,na,na,na,na,na,na,na,na,na,na,na,na,na,na,na,na,na,na,na,na,na,na,na,na,na,na,na,na,na,na,na,na,na,na,na,na,na,na,na,na,na,na,na,na,na,na,na,na,na,na,na,na,na,na,na,na,na,na,na,na,na,na,na,na,na,na,na,na,na,na,na,na,na,na,na,na,na,na,na,na,na,na,na,na,na,na,na,na,na,na,na,na,na,na,na,na,na,na,na,na,na,na,na,na
Toilet Paper (10 Rolls),5.88,5.98,5.86,5.28,5.82,5.96,5.9,5.91,5.97,5.95,5.93,5.92,5.96,5.91,5.94,5.95,6.02,5.97,5.97,5.86,6.05,5.83,5.9,5.91,na,na,na,na,na,na,na,na,na,na,na,na,na,na,na,na,na,na,na,na,na,na,na,na,na,na,na,na,na,na,na,na,na,na,na,na,na,na,na,na,na,na,na,na,na,na,na,na,na,na,na,na,na,na,na,na,na,na,na,na,na,na,na,na,na,na,na,na,na,na,na,na,na,na,na,na,na,na,na,na,na,na,na,na,na,na,na,na,na,na,na,na,na,na,na,na,na,na,na,na,na,na,na,na,na,na,na,na
Baby Diapers (60 Pieces Per Pack),22.26,21.74,20.83,21.75,21.44,21.33,21.24,21.41,21.92,21.35,21.47,21.68,21.81,21.79,22.34,21.61,21.58,21.89,22.83,23.18,22.35,22.36,22.39,21.82,na,na,na,na,na,na,na,na,na,na,na,na,na,na,na,na,na,na,na,na,na,na,na,na,na,na,na,na,na,na,na,na,na,na,na,na,na,na,na,na,na,na,na,na,na,na,na,na,na,na,na,na,na,na,na,na,na,na,na,na,na,na,na,na,na,na,na,na,na,na,na,na,na,na,na,na,na,na,na,na,na,na,na,na,na,na,na,na,na,na,na,na,na,na,na,na,na,na,na,na,na,na,na,na,na,na,na,na
"Petrol, 98 Octane (Per Litre)",2.99,3,2.94,2.89,2.95,3.03,3.01,2.99,3,2.99,3.09,3,3.03,3.04,3,2.98,2.98,3,3.03,3.06,3.1,2.98,3.03,2.96,3.15,3.2,3.24,3.28,3.21,3.12,3.1,3.08,3.12,3.1,3.1,3.07,3.05,3.14,3.13,3.17,3.21,3.4,3.67,3.5,3.35,3.36,3.11,2.99,2.93,2.97,2.93,2.87,2.87,2.87,2.8,2.77,2.73,2.73,2.57,2.42,2.37,2.33,2.31,2.3,2.29,2.29,2.27,2.28,2.35,2.43,2.54,2.58,2.58,2.55,2.53,2.52,2.5,2.5,2.5,2.55,2.52,2.45,2.4,2.39,2.41,2.49,2.56,2.52,2.49,2.48,2.48,2.48,2.45,2.43,2.43,2.41,2.37,2.38,2.33,2.32,2.31,2.29,2.29,2.3,2.32,2.33,2.36,2.33,2.3,2.26,2.25,2.18,2.14,2.17,2.18,2.13,2.1,2.11,2.08,2.15,2.2,2.25,2.27,2.26,2.27,2.31,2.32,2.27,2.18,2.17,1.97,1.85
"Petrol, 95 Octane (Per Litre)",2.48,2.48,2.45,2.48,2.46,2.51,2.51,2.47,2.5,2.47,2.56,2.54,2.51,2.54,2.55,2.51,2.48,2.57,2.52,2.57,2.59,2.53,2.53,2.47,2.64,2.69,2.73,2.77,2.7,2.61,2.59,2.57,2.61,2.58,2.59,2.56,2.54,2.63,2.62,2.66,2.7,2.91,3.16,2.99,2.84,2.84,2.6,2.49,2.44,2.46,2.42,2.37,2.37,2.36,2.3,2.27,2.24,2.24,2.11,1.98,1.93,1.89,1.89,1.89,1.88,1.88,1.87,1.88,1.95,2.03,2.14,2.19,2.19,2.16,2.14,2.13,2.11,2.11,2.12,2.17,2.14,2.09,2.05,2.05,2.08,2.16,2.25,2.2,2.16,2.15,2.15,2.14,2.1,2.07,2.08,2.1,2.07,2.09,2.05,2.02,1.98,1.96,1.96,1.98,1.98,1.97,1.98,1.94,1.93,1.9,1.88,1.83,1.79,1.81,1.83,1.79,1.75,1.76,1.73,1.8,1.86,1.91,1.94,1.94,1.98,2.02,2.07,2.04,1.95,1.93,1.73,1.67
"Petrol, 92 Octane (Per Litre)",2.47,2.48,2.43,2.47,2.45,2.51,2.51,2.46,2.49,2.45,2.56,2.54,2.5,2.53,2.55,2.5,2.47,2.56,2.51,2.55,2.58,2.51,2.51,2.45,2.6,2.65,2.69,2.73,2.65,2.56,2.54,2.53,2.57,2.54,2.54,2.51,2.5,2.58,2.57,2.62,2.66,2.86,3.11,2.94,2.8,2.8,2.55,2.45,2.4,2.42,2.38,2.34,2.33,2.33,2.26,2.24,2.2,2.2,2.07,1.94,1.89,1.85,1.85,1.85,1.84,1.84,1.83,1.84,1.92,1.99,2.11,2.15,2.15,2.12,2.11,2.09,2.07,2.07,2.08,2.13,2.1,2.05,2.01,2.01,2.03,2.11,2.19,2.15,2.11,2.1,2.1,2.09,2.05,2.02,2.03,2.04,2.02,2.04,2,1.97,1.93,1.91,1.92,1.93,1.93,1.92,1.93,1.89,1.88,1.85,1.83,1.78,1.74,1.76,1.78,1.74,1.71,1.71,1.68,1.74,1.8,1.85,1.88,1.88,1.92,1.97,2.02,1.99,1.9,1.88,1.68,1.63
Liquefied Petroleum Gas (LPG) (Per Kilogram),2.85,2.85,2.85,2.85,2.85,2.85,2.85,2.85,2.85,2.85,2.85,2.85,2.85,2.85,2.85,2.85,2.85,2.85,2.83,2.83,2.83,2.83,2.74,2.66,2.66,2.66,2.65,2.64,2.65,2.72,2.72,2.72,2.72,2.72,2.69,2.69,2.69,2.69,2.69,2.77,2.77,2.85,2.89,2.89,2.89,2.97,2.89,2.89,2.89,2.89,2.89,2.89,2.89,2.89,2.89,2.89,2.88,2.88,2.87,2.85,2.83,2.83,2.83,2.83,2.83,2.8,2.8,2.78,2.78,2.78,2.78,2.7,2.65,2.65,2.65,2.65,2.65,2.65,2.65,2.65,2.65,2.65,2.65,2.65,2.67,2.67,2.67,2.67,2.65,2.65,2.65,2.65,2.65,2.63,2.65,2.65,2.66,2.66,2.66,2.57,2.54,2.5,2.5,2.5,2.54,2.59,2.56,2.46,2.42,2.42,2.37,2.34,2.32,2.33,2.35,2.35,2.34,2.33,2.34,2.35,2.36,2.32,2.28,2.28,2.3,2.3,2.33,2.35,2.35,2.34,2.33,2.36
Diesel (Per Litre),2.27,2.26,2.22,2.24,2.23,2.26,2.24,2.23,2.26,2.26,2.32,2.28,2.24,2.25,2.26,2.25,2.26,2.32,2.28,2.32,2.34,2.33,2.34,2.28,2.35,2.42,2.46,2.44,2.31,2.15,2.13,2.13,2.24,2.31,2.37,2.4,2.39,2.53,2.52,2.54,2.57,2.7,2.81,2.7,2.53,2.47,2.1,1.98,1.93,1.96,1.91,1.85,1.85,1.85,1.78,1.75,1.72,1.73,1.67,1.6,1.56,1.53,1.53,1.53,1.53,1.52,1.5,1.46,1.53,1.62,1.73,1.76,1.75,1.71,1.7,1.69,1.67,1.68,1.68,1.73,1.71,1.65,1.58,1.55,1.56,1.64,1.7,1.64,1.6,1.56,1.55,1.54,1.5,1.48,1.49,1.48,1.44,1.44,1.4,1.36,1.31,1.3,1.31,1.35,1.35,1.34,1.26,1.2,1.15,1.11,1.1,1.06,1.02,1.04,1.05,1.01,0.98,0.98,0.94,0.99,1.07,1.13,1.14,1.12,1.14,1.19,1.27,1.26,1.2,1.2,1.19,1.16
,,,,,,,,,,,,,,,,,,,,,,,,,,,,,,,,,,,,,,,,,,,,,,,,,,,,,,,,,,,,,,,,,,,,,,,,,,,,,,,,,,,,,,,,,,,,,,,,,,,,,,,,,,,,,,,,,,,,,,,,,,,,,,,,,,,,
Definitions and Footnotes:,,,,,,,,,,,,,,,,,,,,,,,,,,,,,,,,,,,,,,,,,,,,,,,,,,,,,,,,,,,,,,,,,,,,,,,,,,,,,,,,,,,,,,,,,,,,,,,,,,,,,,,,,,,,,,,,,,,,,,,,,,,,,,,,,,,,
"Prices of items starting from January 2024 are based on the 2024-based CPI basket. While they are indicative of the average transaction price levels in the same base period, they are not a measure of pure price movements across CPI baskets due to changes in the sample of brands/ varieties and outlets priced.",,,,,,,,,,,,,,,,,,,,,,,,,,,,,,,,,,,,,,,,,,,,,,,,,,,,,,,,,,,,,,,,,,,,,,,,,,,,,,,,,,,,,,,,,,,,,,,,,,,,,,,,,,,,,,,,,,,,,,,,,,,,,,,,,,,,
,,,,,,,,,,,,,,,,,,,,,,,,,,,,,,,,,,,,,,,,,,,,,,,,,,,,,,,,,,,,,,,,,,,,,,,,,,,,,,,,,,,,,,,,,,,,,,,,,,,,,,,,,,,,,,,,,,,,,,,,,,,,,,,,,,,,
Average Retail Prices:,,,,,,,,,,,,,,,,,,,,,,,,,,,,,,,,,,,,,,,,,,,,,,,,,,,,,,,,,,,,,,,,,,,,,,,,,,,,,,,,,,,,,,,,,,,,,,,,,,,,,,,,,,,,,,,,,,,,,,,,,,,,,,,,,,,,
"Average retail prices are estimated based on the price quotes obtained from retailers and service providers as part of the monthly collection of consumer prices and converted to a fixed unit of measurement (e.g. price per 100g, per litre, per plate).",,,,,,,,,,,,,,,,,,,,,,,,,,,,,,,,,,,,,,,,,,,,,,,,,,,,,,,,,,,,,,,,,,,,,,,,,,,,,,,,,,,,,,,,,,,,,,,,,,,,,,,,,,,,,,,,,,,,,,,,,,,,,,,,,,,,
,,,,,,,,,,,,,,,,,,,,,,,,,,,,,,,,,,,,,,,,,,,,,,,,,,,,,,,,,,,,,,,,,,,,,,,,,,,,,,,,,,,,,,,,,,,,,,,,,,,,,,,,,,,,,,,,,,,,,,,,,,,,,,,,,,,,
Notation:,,,,,,,,,,,,,,,,,,,,,,,,,,,,,,,,,,,,,,,,,,,,,,,,,,,,,,,,,,,,,,,,,,,,,,,,,,,,,,,,,,,,,,,,,,,,,,,,,,,,,,,,,,,,,,,,,,,,,,,,,,,,,,,,,,,,
na   not available or not applicable,,,,,,,,,,,,,,,,,,,,,,,,,,,,,,,,,,,,,,,,,,,,,,,,,,,,,,,,,,,,,,,,,,,,,,,,,,,,,,,,,,,,,,,,,,,,,,,,,,,,,,,,,,,,,,,,,,,,,,,,,,,,,,,,,,,,
nec  not elsewhere classified,,,,,,,,,,,,,,,,,,,,,,,,,,,,,,,,,,,,,,,,,,,,,,,,,,,,,,,,,,,,,,,,,,,,,,,,,,,,,,,,,,,,,,,,,,,,,,,,,,,,,,,,,,,,,,,,,,,,,,,,,,,,,,,,,,,,
nes  not elsewhere specified,,,,,,,,,,,,,,,,,,,,,,,,,,,,,,,,,,,,,,,,,,,,,,,,,,,,,,,,,,,,,,,,,,,,,,,,,,,,,,,,,,,,,,,,,,,,,,,,,,,,,,,,,,,,,,,,,,,,,,,,,,,,,,,,,,,,
 -     nil or negligible or not significant,,,,,,,,,,,,,,,,,,,,,,,,,,,,,,,,,,,,,,,,,,,,,,,,,,,,,,,,,,,,,,,,,,,,,,,,,,,,,,,,,,,,,,,,,,,,,,,,,,,,,,,,,,,,,,,,,,,,,,,,,,,,,,,,,,,,
Notes,,,,,,,,,,,,,,,,,,,,,,,,,,,,,,,,,,,,,,,,,,,,,,,,,,,,,,,,,,,,,,,,,,,,,,,,,,,,,,,,,,,,,,,,,,,,,,,,,,,,,,,,,,,,,,,,,,,,,,,,,,,,,,,,,,,,
Numbers may not add up to the totals due to rounding.,,,,,,,,,,,,,,,,,,,,,,,,,,,,,,,,,,,,,,,,,,,,,,,,,,,,,,,,,,,,,,,,,,,,,,,,,,,,,,,,,,,,,,,,,,,,,,,,,,,,,,,,,,,,,,,,,,,,,,,,,,,,,,,,,,,,
"Data are the latest available at the time of access or download. Some statistics, particularly those for the most recent time periods, are provisional and may be subject to revision at a later date.",,,,,,,,,,,,,,,,,,,,,,,,,,,,,,,,,,,,,,,,,,,,,,,,,,,,,,,,,,,,,,,,,,,,,,,,,,,,,,,,,,,,,,,,,,,,,,,,,,,,,,,,,,,,,,,,,,,,,,,,,,,,,,,,,,,,
Values are shown in Singapore dollars (unless otherwise specified).,,,,,,,,,,,,,,,,,,,,,,,,,,,,,,,,,,,,,,,,,,,,,,,,,,,,,,,,,,,,,,,,,,,,,,,,,,,,,,,,,,,,,,,,,,,,,,,,,,,,,,,,,,,,,,,,,,,,,,,,,,,,,,,,,,,,
,,,,,,,,,,,,,,,,,,,,,,,,,,,,,,,,,,,,,,,,,,,,,,,,,,,,,,,,,,,,,,,,,,,,,,,,,,,,,,,,,,,,,,,,,,,,,,,,,,,,,,,,,,,,,,,,,,,,,,,,,,,,,,,,,,,,
Generated by: SingStat Table Builder,,,,,,,,,,,,,,,,,,,,,,,,,,,,,,,,,,,,,,,,,,,,,,,,,,,,,,,,,,,,,,,,,,,,,,,,,,,,,,,,,,,,,,,,,,,,,,,,,,,,,,,,,,,,,,,,,,,,,,,,,,,,,,,,,,,,
Date generated: 21/02/2026,,,,,,,,,,,,,,,,,,,,,,,,,,,,,,,,,,,,,,,,,,,,,,,,,,,,,,,,,,,,,,,,,,,,,,,,,,,,,,,,,,,,,,,,,,,,,,,,,,,,,,,,,,,,,,,,,,,,,,,,,,,,,,,,,,,,
Contact: info@singstat.gov.sg,,,,,,,,,,,,,,,,,,,,,,,,,,,,,,,,,,,,,,,,,,,,,,,,,,,,,,,,,,,,,,,,,,,,,,,,,,,,,,,,,,,,,,,,,,,,,,,,,,,,,,,,,,,,,,,,,,,,,,,,,,,,,,,,,,,,
